[0.623s] DEBUG:colcon:Command line arguments: ['/usr/bin/colcon', 'build']
[0.623s] DEBUG:colcon:Parsed command line arguments: Namespace(log_base=None, log_level=None, verb_name='build', build_base='build', install_base='install', merge_install=False, symlink_install=False, test_result_base=None, continue_on_error=False, executor='parallel', parallel_workers=4, event_handlers=None, ignore_user_meta=False, metas=['./colcon.meta'], base_paths=['.'], packages_ignore=None, packages_ignore_regex=None, paths=None, packages_up_to=None, packages_up_to_regex=None, packages_above=None, packages_above_and_dependencies=None, packages_above_depth=None, packages_select_by_dep=None, packages_skip_by_dep=None, packages_skip_up_to=None, packages_select_build_failed=False, packages_skip_build_finished=False, packages_select_test_failures=False, packages_skip_test_passed=False, packages_select=None, packages_skip=None, packages_select_regex=None, packages_skip_regex=None, packages_start=None, packages_end=None, allow_overriding=[], cmake_args=None, cmake_target=None, cmake_target_skip_unavailable=False, cmake_clean_cache=False, cmake_clean_first=False, cmake_force_configure=False, ament_cmake_args=None, catkin_cmake_args=None, catkin_skip_building_tests=False, mixin_files=None, mixin=None, verb_parser=<colcon_mixin.mixin.mixin_argument.MixinArgumentDecorator object at 0x778574098a40>, verb_extension=<colcon_core.verb.build.BuildVerb object at 0x7785741c5070>, main=<bound method BuildVerb.main of <colcon_core.verb.build.BuildVerb object at 0x7785741c5070>>, mixin_verb=('build',))
[0.807s] Level 1:colcon.colcon_core.package_discovery:discover_packages(colcon_meta) check parameters
[0.807s] Level 1:colcon.colcon_core.package_discovery:discover_packages(recursive) check parameters
[0.807s] Level 1:colcon.colcon_core.package_discovery:discover_packages(ignore) check parameters
[0.807s] Level 1:colcon.colcon_core.package_discovery:discover_packages(path) check parameters
[0.808s] Level 1:colcon.colcon_core.package_discovery:discover_packages(colcon_meta) discover
[0.808s] Level 1:colcon.colcon_core.package_discovery:discover_packages(recursive) discover
[0.808s] INFO:colcon.colcon_core.package_discovery:Crawling recursively for packages in '/home/melissa/Documentos/Servicio/Pumanoids'
[0.808s] Level 1:colcon.colcon_core.package_identification:_identify(.) by extensions ['ignore', 'ignore_ament_install']
[0.809s] Level 1:colcon.colcon_core.package_identification:_identify(.) by extension 'ignore'
[0.809s] Level 1:colcon.colcon_core.package_identification:_identify(.) by extension 'ignore_ament_install'
[0.809s] Level 1:colcon.colcon_core.package_identification:_identify(.) by extensions ['colcon_pkg']
[0.809s] Level 1:colcon.colcon_core.package_identification:_identify(.) by extension 'colcon_pkg'
[0.810s] Level 1:colcon.colcon_core.package_identification:_identify(.) by extensions ['colcon_meta']
[0.810s] Level 1:colcon.colcon_core.package_identification:_identify(.) by extension 'colcon_meta'
[0.810s] Level 1:colcon.colcon_core.package_identification:_identify(.) by extensions ['ros']
[0.810s] Level 1:colcon.colcon_core.package_identification:_identify(.) by extension 'ros'
[0.925s] Level 1:colcon.colcon_core.package_identification:_identify(.) by extensions ['cmake', 'python']
[0.926s] Level 1:colcon.colcon_core.package_identification:_identify(.) by extension 'cmake'
[0.926s] Level 1:colcon.colcon_core.package_identification:_identify(.) by extension 'python'
[0.926s] Level 1:colcon.colcon_core.package_identification:_identify(.) by extensions ['python_setup_py']
[0.926s] Level 1:colcon.colcon_core.package_identification:_identify(.) by extension 'python_setup_py'
[0.927s] Level 1:colcon.colcon_core.package_identification:_identify(Documentation) by extensions ['ignore', 'ignore_ament_install']
[0.927s] Level 1:colcon.colcon_core.package_identification:_identify(Documentation) by extension 'ignore'
[0.928s] Level 1:colcon.colcon_core.package_identification:_identify(Documentation) by extension 'ignore_ament_install'
[0.928s] Level 1:colcon.colcon_core.package_identification:_identify(Documentation) by extensions ['colcon_pkg']
[0.928s] Level 1:colcon.colcon_core.package_identification:_identify(Documentation) by extension 'colcon_pkg'
[0.928s] Level 1:colcon.colcon_core.package_identification:_identify(Documentation) by extensions ['colcon_meta']
[0.928s] Level 1:colcon.colcon_core.package_identification:_identify(Documentation) by extension 'colcon_meta'
[0.929s] Level 1:colcon.colcon_core.package_identification:_identify(Documentation) by extensions ['ros']
[0.929s] Level 1:colcon.colcon_core.package_identification:_identify(Documentation) by extension 'ros'
[0.929s] Level 1:colcon.colcon_core.package_identification:_identify(Documentation) by extensions ['cmake', 'python']
[0.929s] Level 1:colcon.colcon_core.package_identification:_identify(Documentation) by extension 'cmake'
[0.930s] Level 1:colcon.colcon_core.package_identification:_identify(Documentation) by extension 'python'
[0.930s] Level 1:colcon.colcon_core.package_identification:_identify(Documentation) by extensions ['python_setup_py']
[0.930s] Level 1:colcon.colcon_core.package_identification:_identify(Documentation) by extension 'python_setup_py'
[0.931s] Level 1:colcon.colcon_core.package_identification:_identify(Documentation/Images) by extensions ['ignore', 'ignore_ament_install']
[0.931s] Level 1:colcon.colcon_core.package_identification:_identify(Documentation/Images) by extension 'ignore'
[0.932s] Level 1:colcon.colcon_core.package_identification:_identify(Documentation/Images) by extension 'ignore_ament_install'
[0.932s] Level 1:colcon.colcon_core.package_identification:_identify(Documentation/Images) by extensions ['colcon_pkg']
[0.932s] Level 1:colcon.colcon_core.package_identification:_identify(Documentation/Images) by extension 'colcon_pkg'
[0.933s] Level 1:colcon.colcon_core.package_identification:_identify(Documentation/Images) by extensions ['colcon_meta']
[0.933s] Level 1:colcon.colcon_core.package_identification:_identify(Documentation/Images) by extension 'colcon_meta'
[0.933s] Level 1:colcon.colcon_core.package_identification:_identify(Documentation/Images) by extensions ['ros']
[0.933s] Level 1:colcon.colcon_core.package_identification:_identify(Documentation/Images) by extension 'ros'
[0.934s] Level 1:colcon.colcon_core.package_identification:_identify(Documentation/Images) by extensions ['cmake', 'python']
[0.934s] Level 1:colcon.colcon_core.package_identification:_identify(Documentation/Images) by extension 'cmake'
[0.935s] Level 1:colcon.colcon_core.package_identification:_identify(Documentation/Images) by extension 'python'
[0.935s] Level 1:colcon.colcon_core.package_identification:_identify(Documentation/Images) by extensions ['python_setup_py']
[0.935s] Level 1:colcon.colcon_core.package_identification:_identify(Documentation/Images) by extension 'python_setup_py'
[0.935s] Level 1:colcon.colcon_core.package_identification:_identify(Documentation/Nodes_motion_humanoid) by extensions ['ignore', 'ignore_ament_install']
[0.936s] Level 1:colcon.colcon_core.package_identification:_identify(Documentation/Nodes_motion_humanoid) by extension 'ignore'
[0.936s] Level 1:colcon.colcon_core.package_identification:_identify(Documentation/Nodes_motion_humanoid) by extension 'ignore_ament_install'
[0.936s] Level 1:colcon.colcon_core.package_identification:_identify(Documentation/Nodes_motion_humanoid) by extensions ['colcon_pkg']
[0.937s] Level 1:colcon.colcon_core.package_identification:_identify(Documentation/Nodes_motion_humanoid) by extension 'colcon_pkg'
[0.937s] Level 1:colcon.colcon_core.package_identification:_identify(Documentation/Nodes_motion_humanoid) by extensions ['colcon_meta']
[0.937s] Level 1:colcon.colcon_core.package_identification:_identify(Documentation/Nodes_motion_humanoid) by extension 'colcon_meta'
[0.937s] Level 1:colcon.colcon_core.package_identification:_identify(Documentation/Nodes_motion_humanoid) by extensions ['ros']
[0.937s] Level 1:colcon.colcon_core.package_identification:_identify(Documentation/Nodes_motion_humanoid) by extension 'ros'
[0.938s] Level 1:colcon.colcon_core.package_identification:_identify(Documentation/Nodes_motion_humanoid) by extensions ['cmake', 'python']
[0.938s] Level 1:colcon.colcon_core.package_identification:_identify(Documentation/Nodes_motion_humanoid) by extension 'cmake'
[0.938s] Level 1:colcon.colcon_core.package_identification:_identify(Documentation/Nodes_motion_humanoid) by extension 'python'
[0.939s] Level 1:colcon.colcon_core.package_identification:_identify(Documentation/Nodes_motion_humanoid) by extensions ['python_setup_py']
[0.939s] Level 1:colcon.colcon_core.package_identification:_identify(Documentation/Nodes_motion_humanoid) by extension 'python_setup_py'
[0.939s] Level 1:colcon.colcon_core.package_identification:_identify(Documentation/Splines) by extensions ['ignore', 'ignore_ament_install']
[0.939s] Level 1:colcon.colcon_core.package_identification:_identify(Documentation/Splines) by extension 'ignore'
[0.940s] Level 1:colcon.colcon_core.package_identification:_identify(Documentation/Splines) by extension 'ignore_ament_install'
[0.940s] Level 1:colcon.colcon_core.package_identification:_identify(Documentation/Splines) by extensions ['colcon_pkg']
[0.940s] Level 1:colcon.colcon_core.package_identification:_identify(Documentation/Splines) by extension 'colcon_pkg'
[0.941s] Level 1:colcon.colcon_core.package_identification:_identify(Documentation/Splines) by extensions ['colcon_meta']
[0.941s] Level 1:colcon.colcon_core.package_identification:_identify(Documentation/Splines) by extension 'colcon_meta'
[0.941s] Level 1:colcon.colcon_core.package_identification:_identify(Documentation/Splines) by extensions ['ros']
[0.941s] Level 1:colcon.colcon_core.package_identification:_identify(Documentation/Splines) by extension 'ros'
[0.942s] Level 1:colcon.colcon_core.package_identification:_identify(Documentation/Splines) by extensions ['cmake', 'python']
[0.942s] Level 1:colcon.colcon_core.package_identification:_identify(Documentation/Splines) by extension 'cmake'
[0.942s] Level 1:colcon.colcon_core.package_identification:_identify(Documentation/Splines) by extension 'python'
[0.942s] Level 1:colcon.colcon_core.package_identification:_identify(Documentation/Splines) by extensions ['python_setup_py']
[0.943s] Level 1:colcon.colcon_core.package_identification:_identify(Documentation/Splines) by extension 'python_setup_py'
[0.943s] Level 1:colcon.colcon_core.package_identification:_identify(Documentation/Splines/scripts) by extensions ['ignore', 'ignore_ament_install']
[0.943s] Level 1:colcon.colcon_core.package_identification:_identify(Documentation/Splines/scripts) by extension 'ignore'
[0.944s] Level 1:colcon.colcon_core.package_identification:_identify(Documentation/Splines/scripts) by extension 'ignore_ament_install'
[0.944s] Level 1:colcon.colcon_core.package_identification:_identify(Documentation/Splines/scripts) by extensions ['colcon_pkg']
[0.944s] Level 1:colcon.colcon_core.package_identification:_identify(Documentation/Splines/scripts) by extension 'colcon_pkg'
[0.944s] Level 1:colcon.colcon_core.package_identification:_identify(Documentation/Splines/scripts) by extensions ['colcon_meta']
[0.945s] Level 1:colcon.colcon_core.package_identification:_identify(Documentation/Splines/scripts) by extension 'colcon_meta'
[0.945s] Level 1:colcon.colcon_core.package_identification:_identify(Documentation/Splines/scripts) by extensions ['ros']
[0.945s] Level 1:colcon.colcon_core.package_identification:_identify(Documentation/Splines/scripts) by extension 'ros'
[0.945s] Level 1:colcon.colcon_core.package_identification:_identify(Documentation/Splines/scripts) by extensions ['cmake', 'python']
[0.945s] Level 1:colcon.colcon_core.package_identification:_identify(Documentation/Splines/scripts) by extension 'cmake'
[0.946s] Level 1:colcon.colcon_core.package_identification:_identify(Documentation/Splines/scripts) by extension 'python'
[0.946s] Level 1:colcon.colcon_core.package_identification:_identify(Documentation/Splines/scripts) by extensions ['python_setup_py']
[0.946s] Level 1:colcon.colcon_core.package_identification:_identify(Documentation/Splines/scripts) by extension 'python_setup_py'
[0.946s] Level 1:colcon.colcon_core.package_identification:_identify(build) by extensions ['ignore', 'ignore_ament_install']
[0.947s] Level 1:colcon.colcon_core.package_identification:_identify(build) by extension 'ignore'
[0.947s] Level 1:colcon.colcon_core.package_identification:_identify(build) ignored
[0.947s] Level 1:colcon.colcon_core.package_identification:_identify(colcon_ws) by extensions ['ignore', 'ignore_ament_install']
[0.948s] Level 1:colcon.colcon_core.package_identification:_identify(colcon_ws) by extension 'ignore'
[0.948s] Level 1:colcon.colcon_core.package_identification:_identify(colcon_ws) by extension 'ignore_ament_install'
[0.948s] Level 1:colcon.colcon_core.package_identification:_identify(colcon_ws) by extensions ['colcon_pkg']
[0.948s] Level 1:colcon.colcon_core.package_identification:_identify(colcon_ws) by extension 'colcon_pkg'
[0.949s] Level 1:colcon.colcon_core.package_identification:_identify(colcon_ws) by extensions ['colcon_meta']
[0.949s] Level 1:colcon.colcon_core.package_identification:_identify(colcon_ws) by extension 'colcon_meta'
[0.949s] Level 1:colcon.colcon_core.package_identification:_identify(colcon_ws) by extensions ['ros']
[0.949s] Level 1:colcon.colcon_core.package_identification:_identify(colcon_ws) by extension 'ros'
[0.949s] Level 1:colcon.colcon_core.package_identification:_identify(colcon_ws) by extensions ['cmake', 'python']
[0.950s] Level 1:colcon.colcon_core.package_identification:_identify(colcon_ws) by extension 'cmake'
[0.950s] Level 1:colcon.colcon_core.package_identification:_identify(colcon_ws) by extension 'python'
[0.950s] Level 1:colcon.colcon_core.package_identification:_identify(colcon_ws) by extensions ['python_setup_py']
[0.950s] Level 1:colcon.colcon_core.package_identification:_identify(colcon_ws) by extension 'python_setup_py'
[0.951s] Level 1:colcon.colcon_core.package_identification:_identify(colcon_ws/build) by extensions ['ignore', 'ignore_ament_install']
[0.951s] Level 1:colcon.colcon_core.package_identification:_identify(colcon_ws/build) by extension 'ignore'
[0.951s] Level 1:colcon.colcon_core.package_identification:_identify(colcon_ws/build) ignored
[0.952s] Level 1:colcon.colcon_core.package_identification:_identify(colcon_ws/install) by extensions ['ignore', 'ignore_ament_install']
[0.952s] Level 1:colcon.colcon_core.package_identification:_identify(colcon_ws/install) by extension 'ignore'
[0.952s] Level 1:colcon.colcon_core.package_identification:_identify(colcon_ws/install) ignored
[0.953s] Level 1:colcon.colcon_core.package_identification:_identify(colcon_ws/log) by extensions ['ignore', 'ignore_ament_install']
[0.953s] Level 1:colcon.colcon_core.package_identification:_identify(colcon_ws/log) by extension 'ignore'
[0.953s] Level 1:colcon.colcon_core.package_identification:_identify(colcon_ws/log) ignored
[0.953s] Level 1:colcon.colcon_core.package_identification:_identify(colcon_ws/src) by extensions ['ignore', 'ignore_ament_install']
[0.954s] Level 1:colcon.colcon_core.package_identification:_identify(colcon_ws/src) by extension 'ignore'
[0.954s] Level 1:colcon.colcon_core.package_identification:_identify(colcon_ws/src) by extension 'ignore_ament_install'
[0.954s] Level 1:colcon.colcon_core.package_identification:_identify(colcon_ws/src) by extensions ['colcon_pkg']
[0.955s] Level 1:colcon.colcon_core.package_identification:_identify(colcon_ws/src) by extension 'colcon_pkg'
[0.955s] Level 1:colcon.colcon_core.package_identification:_identify(colcon_ws/src) by extensions ['colcon_meta']
[0.955s] Level 1:colcon.colcon_core.package_identification:_identify(colcon_ws/src) by extension 'colcon_meta'
[0.955s] Level 1:colcon.colcon_core.package_identification:_identify(colcon_ws/src) by extensions ['ros']
[0.955s] Level 1:colcon.colcon_core.package_identification:_identify(colcon_ws/src) by extension 'ros'
[0.956s] Level 1:colcon.colcon_core.package_identification:_identify(colcon_ws/src) by extensions ['cmake', 'python']
[0.956s] Level 1:colcon.colcon_core.package_identification:_identify(colcon_ws/src) by extension 'cmake'
[0.956s] Level 1:colcon.colcon_core.package_identification:_identify(colcon_ws/src) by extension 'python'
[0.956s] Level 1:colcon.colcon_core.package_identification:_identify(colcon_ws/src) by extensions ['python_setup_py']
[0.956s] Level 1:colcon.colcon_core.package_identification:_identify(colcon_ws/src) by extension 'python_setup_py'
[0.957s] Level 1:colcon.colcon_core.package_identification:_identify(colcon_ws/src/examples) by extensions ['ignore', 'ignore_ament_install']
[0.957s] Level 1:colcon.colcon_core.package_identification:_identify(colcon_ws/src/examples) by extension 'ignore'
[0.958s] Level 1:colcon.colcon_core.package_identification:_identify(colcon_ws/src/examples) by extension 'ignore_ament_install'
[0.958s] Level 1:colcon.colcon_core.package_identification:_identify(colcon_ws/src/examples) by extensions ['colcon_pkg']
[0.958s] Level 1:colcon.colcon_core.package_identification:_identify(colcon_ws/src/examples) by extension 'colcon_pkg'
[0.958s] Level 1:colcon.colcon_core.package_identification:_identify(colcon_ws/src/examples) by extensions ['colcon_meta']
[0.958s] Level 1:colcon.colcon_core.package_identification:_identify(colcon_ws/src/examples) by extension 'colcon_meta'
[0.959s] Level 1:colcon.colcon_core.package_identification:_identify(colcon_ws/src/examples) by extensions ['ros']
[0.959s] Level 1:colcon.colcon_core.package_identification:_identify(colcon_ws/src/examples) by extension 'ros'
[0.959s] Level 1:colcon.colcon_core.package_identification:_identify(colcon_ws/src/examples) by extensions ['cmake', 'python']
[0.959s] Level 1:colcon.colcon_core.package_identification:_identify(colcon_ws/src/examples) by extension 'cmake'
[0.959s] Level 1:colcon.colcon_core.package_identification:_identify(colcon_ws/src/examples) by extension 'python'
[0.960s] Level 1:colcon.colcon_core.package_identification:_identify(colcon_ws/src/examples) by extensions ['python_setup_py']
[0.960s] Level 1:colcon.colcon_core.package_identification:_identify(colcon_ws/src/examples) by extension 'python_setup_py'
[0.960s] Level 1:colcon.colcon_core.package_identification:_identify(colcon_ws/src/hardware) by extensions ['ignore', 'ignore_ament_install']
[0.961s] Level 1:colcon.colcon_core.package_identification:_identify(colcon_ws/src/hardware) by extension 'ignore'
[0.961s] Level 1:colcon.colcon_core.package_identification:_identify(colcon_ws/src/hardware) by extension 'ignore_ament_install'
[0.961s] Level 1:colcon.colcon_core.package_identification:_identify(colcon_ws/src/hardware) by extensions ['colcon_pkg']
[0.961s] Level 1:colcon.colcon_core.package_identification:_identify(colcon_ws/src/hardware) by extension 'colcon_pkg'
[0.961s] Level 1:colcon.colcon_core.package_identification:_identify(colcon_ws/src/hardware) by extensions ['colcon_meta']
[0.962s] Level 1:colcon.colcon_core.package_identification:_identify(colcon_ws/src/hardware) by extension 'colcon_meta'
[0.962s] Level 1:colcon.colcon_core.package_identification:_identify(colcon_ws/src/hardware) by extensions ['ros']
[0.962s] Level 1:colcon.colcon_core.package_identification:_identify(colcon_ws/src/hardware) by extension 'ros'
[0.962s] Level 1:colcon.colcon_core.package_identification:_identify(colcon_ws/src/hardware) by extensions ['cmake', 'python']
[0.962s] Level 1:colcon.colcon_core.package_identification:_identify(colcon_ws/src/hardware) by extension 'cmake'
[0.963s] Level 1:colcon.colcon_core.package_identification:_identify(colcon_ws/src/hardware) by extension 'python'
[0.963s] Level 1:colcon.colcon_core.package_identification:_identify(colcon_ws/src/hardware) by extensions ['python_setup_py']
[0.963s] Level 1:colcon.colcon_core.package_identification:_identify(colcon_ws/src/hardware) by extension 'python_setup_py'
[0.963s] Level 1:colcon.colcon_core.package_identification:_identify(colcon_ws/src/hardware/dynamixel) by extensions ['ignore', 'ignore_ament_install']
[0.964s] Level 1:colcon.colcon_core.package_identification:_identify(colcon_ws/src/hardware/dynamixel) by extension 'ignore'
[0.964s] Level 1:colcon.colcon_core.package_identification:_identify(colcon_ws/src/hardware/dynamixel) by extension 'ignore_ament_install'
[0.964s] Level 1:colcon.colcon_core.package_identification:_identify(colcon_ws/src/hardware/dynamixel) by extensions ['colcon_pkg']
[0.965s] Level 1:colcon.colcon_core.package_identification:_identify(colcon_ws/src/hardware/dynamixel) by extension 'colcon_pkg'
[0.965s] Level 1:colcon.colcon_core.package_identification:_identify(colcon_ws/src/hardware/dynamixel) by extensions ['colcon_meta']
[0.965s] Level 1:colcon.colcon_core.package_identification:_identify(colcon_ws/src/hardware/dynamixel) by extension 'colcon_meta'
[0.965s] Level 1:colcon.colcon_core.package_identification:_identify(colcon_ws/src/hardware/dynamixel) by extensions ['ros']
[0.965s] Level 1:colcon.colcon_core.package_identification:_identify(colcon_ws/src/hardware/dynamixel) by extension 'ros'
[0.977s] DEBUG:colcon.colcon_core.package_identification:Package 'colcon_ws/src/hardware/dynamixel' with type 'ros.ament_cmake' and name 'dynamixel'
[0.978s] Level 1:colcon.colcon_core.package_identification:_identify(colcon_ws/src/robots) by extensions ['ignore', 'ignore_ament_install']
[0.978s] Level 1:colcon.colcon_core.package_identification:_identify(colcon_ws/src/robots) by extension 'ignore'
[0.978s] Level 1:colcon.colcon_core.package_identification:_identify(colcon_ws/src/robots) by extension 'ignore_ament_install'
[0.979s] Level 1:colcon.colcon_core.package_identification:_identify(colcon_ws/src/robots) by extensions ['colcon_pkg']
[0.979s] Level 1:colcon.colcon_core.package_identification:_identify(colcon_ws/src/robots) by extension 'colcon_pkg'
[0.979s] Level 1:colcon.colcon_core.package_identification:_identify(colcon_ws/src/robots) by extensions ['colcon_meta']
[0.979s] Level 1:colcon.colcon_core.package_identification:_identify(colcon_ws/src/robots) by extension 'colcon_meta'
[0.980s] Level 1:colcon.colcon_core.package_identification:_identify(colcon_ws/src/robots) by extensions ['ros']
[0.980s] Level 1:colcon.colcon_core.package_identification:_identify(colcon_ws/src/robots) by extension 'ros'
[0.980s] Level 1:colcon.colcon_core.package_identification:_identify(colcon_ws/src/robots) by extensions ['cmake', 'python']
[0.980s] Level 1:colcon.colcon_core.package_identification:_identify(colcon_ws/src/robots) by extension 'cmake'
[0.980s] Level 1:colcon.colcon_core.package_identification:_identify(colcon_ws/src/robots) by extension 'python'
[0.981s] Level 1:colcon.colcon_core.package_identification:_identify(colcon_ws/src/robots) by extensions ['python_setup_py']
[0.981s] Level 1:colcon.colcon_core.package_identification:_identify(colcon_ws/src/robots) by extension 'python_setup_py'
[0.981s] Level 1:colcon.colcon_core.package_identification:_identify(colcon_ws/src/robots/darwin) by extensions ['ignore', 'ignore_ament_install']
[0.982s] Level 1:colcon.colcon_core.package_identification:_identify(colcon_ws/src/robots/darwin) by extension 'ignore'
[0.982s] Level 1:colcon.colcon_core.package_identification:_identify(colcon_ws/src/robots/darwin) by extension 'ignore_ament_install'
[0.982s] Level 1:colcon.colcon_core.package_identification:_identify(colcon_ws/src/robots/darwin) by extensions ['colcon_pkg']
[0.983s] Level 1:colcon.colcon_core.package_identification:_identify(colcon_ws/src/robots/darwin) by extension 'colcon_pkg'
[0.983s] Level 1:colcon.colcon_core.package_identification:_identify(colcon_ws/src/robots/darwin) by extensions ['colcon_meta']
[0.983s] Level 1:colcon.colcon_core.package_identification:_identify(colcon_ws/src/robots/darwin) by extension 'colcon_meta'
[0.983s] Level 1:colcon.colcon_core.package_identification:_identify(colcon_ws/src/robots/darwin) by extensions ['ros']
[0.983s] Level 1:colcon.colcon_core.package_identification:_identify(colcon_ws/src/robots/darwin) by extension 'ros'
[0.984s] Level 1:colcon.colcon_core.package_identification:_identify(colcon_ws/src/robots/darwin) by extensions ['cmake', 'python']
[0.984s] Level 1:colcon.colcon_core.package_identification:_identify(colcon_ws/src/robots/darwin) by extension 'cmake'
[0.984s] Level 1:colcon.colcon_core.package_identification:_identify(colcon_ws/src/robots/darwin) by extension 'python'
[0.984s] Level 1:colcon.colcon_core.package_identification:_identify(colcon_ws/src/robots/darwin) by extensions ['python_setup_py']
[0.985s] Level 1:colcon.colcon_core.package_identification:_identify(colcon_ws/src/robots/darwin) by extension 'python_setup_py'
[0.985s] Level 1:colcon.colcon_core.package_identification:_identify(colcon_ws/src/robots/darwin/darwin_description) by extensions ['ignore', 'ignore_ament_install']
[0.986s] Level 1:colcon.colcon_core.package_identification:_identify(colcon_ws/src/robots/darwin/darwin_description) by extension 'ignore'
[0.986s] Level 1:colcon.colcon_core.package_identification:_identify(colcon_ws/src/robots/darwin/darwin_description) by extension 'ignore_ament_install'
[0.986s] Level 1:colcon.colcon_core.package_identification:_identify(colcon_ws/src/robots/darwin/darwin_description) by extensions ['colcon_pkg']
[0.986s] Level 1:colcon.colcon_core.package_identification:_identify(colcon_ws/src/robots/darwin/darwin_description) by extension 'colcon_pkg'
[0.987s] Level 1:colcon.colcon_core.package_identification:_identify(colcon_ws/src/robots/darwin/darwin_description) by extensions ['colcon_meta']
[0.987s] Level 1:colcon.colcon_core.package_identification:_identify(colcon_ws/src/robots/darwin/darwin_description) by extension 'colcon_meta'
[0.987s] Level 1:colcon.colcon_core.package_identification:_identify(colcon_ws/src/robots/darwin/darwin_description) by extensions ['ros']
[0.987s] Level 1:colcon.colcon_core.package_identification:_identify(colcon_ws/src/robots/darwin/darwin_description) by extension 'ros'
[0.989s] DEBUG:colcon.colcon_core.package_identification:Package 'colcon_ws/src/robots/darwin/darwin_description' with type 'ros.ament_python' and name 'darwin_description'
[0.990s] Level 1:colcon.colcon_core.package_identification:_identify(colcon_ws/src/simulation) by extensions ['ignore', 'ignore_ament_install']
[0.990s] Level 1:colcon.colcon_core.package_identification:_identify(colcon_ws/src/simulation) by extension 'ignore'
[0.990s] Level 1:colcon.colcon_core.package_identification:_identify(colcon_ws/src/simulation) by extension 'ignore_ament_install'
[0.991s] Level 1:colcon.colcon_core.package_identification:_identify(colcon_ws/src/simulation) by extensions ['colcon_pkg']
[0.991s] Level 1:colcon.colcon_core.package_identification:_identify(colcon_ws/src/simulation) by extension 'colcon_pkg'
[0.991s] Level 1:colcon.colcon_core.package_identification:_identify(colcon_ws/src/simulation) by extensions ['colcon_meta']
[0.991s] Level 1:colcon.colcon_core.package_identification:_identify(colcon_ws/src/simulation) by extension 'colcon_meta'
[0.991s] Level 1:colcon.colcon_core.package_identification:_identify(colcon_ws/src/simulation) by extensions ['ros']
[0.992s] Level 1:colcon.colcon_core.package_identification:_identify(colcon_ws/src/simulation) by extension 'ros'
[0.992s] Level 1:colcon.colcon_core.package_identification:_identify(colcon_ws/src/simulation) by extensions ['cmake', 'python']
[0.992s] Level 1:colcon.colcon_core.package_identification:_identify(colcon_ws/src/simulation) by extension 'cmake'
[0.992s] Level 1:colcon.colcon_core.package_identification:_identify(colcon_ws/src/simulation) by extension 'python'
[0.993s] Level 1:colcon.colcon_core.package_identification:_identify(colcon_ws/src/simulation) by extensions ['python_setup_py']
[0.993s] Level 1:colcon.colcon_core.package_identification:_identify(colcon_ws/src/simulation) by extension 'python_setup_py'
[0.993s] Level 1:colcon.colcon_core.package_identification:_identify(colcon_ws/src/simulation/gazebo_envs) by extensions ['ignore', 'ignore_ament_install']
[0.994s] Level 1:colcon.colcon_core.package_identification:_identify(colcon_ws/src/simulation/gazebo_envs) by extension 'ignore'
[0.994s] Level 1:colcon.colcon_core.package_identification:_identify(colcon_ws/src/simulation/gazebo_envs) by extension 'ignore_ament_install'
[0.994s] Level 1:colcon.colcon_core.package_identification:_identify(colcon_ws/src/simulation/gazebo_envs) by extensions ['colcon_pkg']
[0.995s] Level 1:colcon.colcon_core.package_identification:_identify(colcon_ws/src/simulation/gazebo_envs) by extension 'colcon_pkg'
[0.995s] Level 1:colcon.colcon_core.package_identification:_identify(colcon_ws/src/simulation/gazebo_envs) by extensions ['colcon_meta']
[0.995s] Level 1:colcon.colcon_core.package_identification:_identify(colcon_ws/src/simulation/gazebo_envs) by extension 'colcon_meta'
[0.995s] Level 1:colcon.colcon_core.package_identification:_identify(colcon_ws/src/simulation/gazebo_envs) by extensions ['ros']
[0.995s] Level 1:colcon.colcon_core.package_identification:_identify(colcon_ws/src/simulation/gazebo_envs) by extension 'ros'
[0.997s] DEBUG:colcon.colcon_core.package_identification:Package 'colcon_ws/src/simulation/gazebo_envs' with type 'ros.ament_cmake' and name 'gazebo_envs'
[0.998s] Level 1:colcon.colcon_core.package_identification:_identify(colcon_ws/src/simulation/mujoco) by extensions ['ignore', 'ignore_ament_install']
[0.998s] Level 1:colcon.colcon_core.package_identification:_identify(colcon_ws/src/simulation/mujoco) by extension 'ignore'
[0.999s] Level 1:colcon.colcon_core.package_identification:_identify(colcon_ws/src/simulation/mujoco) by extension 'ignore_ament_install'
[0.999s] Level 1:colcon.colcon_core.package_identification:_identify(colcon_ws/src/simulation/mujoco) by extensions ['colcon_pkg']
[0.999s] Level 1:colcon.colcon_core.package_identification:_identify(colcon_ws/src/simulation/mujoco) by extension 'colcon_pkg'
[0.999s] Level 1:colcon.colcon_core.package_identification:_identify(colcon_ws/src/simulation/mujoco) by extensions ['colcon_meta']
[0.999s] Level 1:colcon.colcon_core.package_identification:_identify(colcon_ws/src/simulation/mujoco) by extension 'colcon_meta'
[1.000s] Level 1:colcon.colcon_core.package_identification:_identify(colcon_ws/src/simulation/mujoco) by extensions ['ros']
[1.000s] Level 1:colcon.colcon_core.package_identification:_identify(colcon_ws/src/simulation/mujoco) by extension 'ros'
[1.002s] DEBUG:colcon.colcon_core.package_identification:Package 'colcon_ws/src/simulation/mujoco' with type 'ros.ament_cmake' and name 'mujoco'
[1.002s] Level 1:colcon.colcon_core.package_identification:_identify(colcon_ws/src/surge_et_ambula) by extensions ['ignore', 'ignore_ament_install']
[1.003s] Level 1:colcon.colcon_core.package_identification:_identify(colcon_ws/src/surge_et_ambula) by extension 'ignore'
[1.003s] Level 1:colcon.colcon_core.package_identification:_identify(colcon_ws/src/surge_et_ambula) by extension 'ignore_ament_install'
[1.004s] Level 1:colcon.colcon_core.package_identification:_identify(colcon_ws/src/surge_et_ambula) by extensions ['colcon_pkg']
[1.004s] Level 1:colcon.colcon_core.package_identification:_identify(colcon_ws/src/surge_et_ambula) by extension 'colcon_pkg'
[1.004s] Level 1:colcon.colcon_core.package_identification:_identify(colcon_ws/src/surge_et_ambula) by extensions ['colcon_meta']
[1.004s] Level 1:colcon.colcon_core.package_identification:_identify(colcon_ws/src/surge_et_ambula) by extension 'colcon_meta'
[1.004s] Level 1:colcon.colcon_core.package_identification:_identify(colcon_ws/src/surge_et_ambula) by extensions ['ros']
[1.004s] Level 1:colcon.colcon_core.package_identification:_identify(colcon_ws/src/surge_et_ambula) by extension 'ros'
[1.006s] DEBUG:colcon.colcon_core.package_identification:Package 'colcon_ws/src/surge_et_ambula' with type 'ros.ament_cmake' and name 'surge_et_ambula'
[1.006s] Level 1:colcon.colcon_core.package_identification:_identify(install) by extensions ['ignore', 'ignore_ament_install']
[1.007s] Level 1:colcon.colcon_core.package_identification:_identify(install) by extension 'ignore'
[1.007s] Level 1:colcon.colcon_core.package_identification:_identify(install) ignored
[1.007s] Level 1:colcon.colcon_core.package_identification:_identify(log) by extensions ['ignore', 'ignore_ament_install']
[1.008s] Level 1:colcon.colcon_core.package_identification:_identify(log) by extension 'ignore'
[1.008s] Level 1:colcon.colcon_core.package_identification:_identify(log) ignored
[1.008s] Level 1:colcon.colcon_core.package_identification:_identify(setup) by extensions ['ignore', 'ignore_ament_install']
[1.008s] Level 1:colcon.colcon_core.package_identification:_identify(setup) by extension 'ignore'
[1.009s] Level 1:colcon.colcon_core.package_identification:_identify(setup) by extension 'ignore_ament_install'
[1.009s] Level 1:colcon.colcon_core.package_identification:_identify(setup) by extensions ['colcon_pkg']
[1.009s] Level 1:colcon.colcon_core.package_identification:_identify(setup) by extension 'colcon_pkg'
[1.009s] Level 1:colcon.colcon_core.package_identification:_identify(setup) by extensions ['colcon_meta']
[1.009s] Level 1:colcon.colcon_core.package_identification:_identify(setup) by extension 'colcon_meta'
[1.010s] Level 1:colcon.colcon_core.package_identification:_identify(setup) by extensions ['ros']
[1.010s] Level 1:colcon.colcon_core.package_identification:_identify(setup) by extension 'ros'
[1.010s] Level 1:colcon.colcon_core.package_identification:_identify(setup) by extensions ['cmake', 'python']
[1.010s] Level 1:colcon.colcon_core.package_identification:_identify(setup) by extension 'cmake'
[1.010s] Level 1:colcon.colcon_core.package_identification:_identify(setup) by extension 'python'
[1.010s] Level 1:colcon.colcon_core.package_identification:_identify(setup) by extensions ['python_setup_py']
[1.011s] Level 1:colcon.colcon_core.package_identification:_identify(setup) by extension 'python_setup_py'
[1.011s] Level 1:colcon.colcon_core.package_identification:_identify(setup/docker) by extensions ['ignore', 'ignore_ament_install']
[1.011s] Level 1:colcon.colcon_core.package_identification:_identify(setup/docker) by extension 'ignore'
[1.012s] Level 1:colcon.colcon_core.package_identification:_identify(setup/docker) by extension 'ignore_ament_install'
[1.012s] Level 1:colcon.colcon_core.package_identification:_identify(setup/docker) by extensions ['colcon_pkg']
[1.012s] Level 1:colcon.colcon_core.package_identification:_identify(setup/docker) by extension 'colcon_pkg'
[1.012s] Level 1:colcon.colcon_core.package_identification:_identify(setup/docker) by extensions ['colcon_meta']
[1.012s] Level 1:colcon.colcon_core.package_identification:_identify(setup/docker) by extension 'colcon_meta'
[1.013s] Level 1:colcon.colcon_core.package_identification:_identify(setup/docker) by extensions ['ros']
[1.013s] Level 1:colcon.colcon_core.package_identification:_identify(setup/docker) by extension 'ros'
[1.013s] Level 1:colcon.colcon_core.package_identification:_identify(setup/docker) by extensions ['cmake', 'python']
[1.013s] Level 1:colcon.colcon_core.package_identification:_identify(setup/docker) by extension 'cmake'
[1.013s] Level 1:colcon.colcon_core.package_identification:_identify(setup/docker) by extension 'python'
[1.013s] Level 1:colcon.colcon_core.package_identification:_identify(setup/docker) by extensions ['python_setup_py']
[1.014s] Level 1:colcon.colcon_core.package_identification:_identify(setup/docker) by extension 'python_setup_py'
[1.014s] Level 1:colcon.colcon_core.package_identification:_identify(setup/docker/ros2_jazzy) by extensions ['ignore', 'ignore_ament_install']
[1.014s] Level 1:colcon.colcon_core.package_identification:_identify(setup/docker/ros2_jazzy) by extension 'ignore'
[1.015s] Level 1:colcon.colcon_core.package_identification:_identify(setup/docker/ros2_jazzy) by extension 'ignore_ament_install'
[1.015s] Level 1:colcon.colcon_core.package_identification:_identify(setup/docker/ros2_jazzy) by extensions ['colcon_pkg']
[1.015s] Level 1:colcon.colcon_core.package_identification:_identify(setup/docker/ros2_jazzy) by extension 'colcon_pkg'
[1.015s] Level 1:colcon.colcon_core.package_identification:_identify(setup/docker/ros2_jazzy) by extensions ['colcon_meta']
[1.015s] Level 1:colcon.colcon_core.package_identification:_identify(setup/docker/ros2_jazzy) by extension 'colcon_meta'
[1.016s] Level 1:colcon.colcon_core.package_identification:_identify(setup/docker/ros2_jazzy) by extensions ['ros']
[1.016s] Level 1:colcon.colcon_core.package_identification:_identify(setup/docker/ros2_jazzy) by extension 'ros'
[1.016s] Level 1:colcon.colcon_core.package_identification:_identify(setup/docker/ros2_jazzy) by extensions ['cmake', 'python']
[1.016s] Level 1:colcon.colcon_core.package_identification:_identify(setup/docker/ros2_jazzy) by extension 'cmake'
[1.016s] Level 1:colcon.colcon_core.package_identification:_identify(setup/docker/ros2_jazzy) by extension 'python'
[1.017s] Level 1:colcon.colcon_core.package_identification:_identify(setup/docker/ros2_jazzy) by extensions ['python_setup_py']
[1.017s] Level 1:colcon.colcon_core.package_identification:_identify(setup/docker/ros2_jazzy) by extension 'python_setup_py'
[1.017s] Level 1:colcon.colcon_core.package_identification:_identify(setup/docker/ros_noetic) by extensions ['ignore', 'ignore_ament_install']
[1.018s] Level 1:colcon.colcon_core.package_identification:_identify(setup/docker/ros_noetic) by extension 'ignore'
[1.018s] Level 1:colcon.colcon_core.package_identification:_identify(setup/docker/ros_noetic) by extension 'ignore_ament_install'
[1.018s] Level 1:colcon.colcon_core.package_identification:_identify(setup/docker/ros_noetic) by extensions ['colcon_pkg']
[1.018s] Level 1:colcon.colcon_core.package_identification:_identify(setup/docker/ros_noetic) by extension 'colcon_pkg'
[1.018s] Level 1:colcon.colcon_core.package_identification:_identify(setup/docker/ros_noetic) by extensions ['colcon_meta']
[1.018s] Level 1:colcon.colcon_core.package_identification:_identify(setup/docker/ros_noetic) by extension 'colcon_meta'
[1.019s] Level 1:colcon.colcon_core.package_identification:_identify(setup/docker/ros_noetic) by extensions ['ros']
[1.019s] Level 1:colcon.colcon_core.package_identification:_identify(setup/docker/ros_noetic) by extension 'ros'
[1.019s] Level 1:colcon.colcon_core.package_identification:_identify(setup/docker/ros_noetic) by extensions ['cmake', 'python']
[1.019s] Level 1:colcon.colcon_core.package_identification:_identify(setup/docker/ros_noetic) by extension 'cmake'
[1.019s] Level 1:colcon.colcon_core.package_identification:_identify(setup/docker/ros_noetic) by extension 'python'
[1.020s] Level 1:colcon.colcon_core.package_identification:_identify(setup/docker/ros_noetic) by extensions ['python_setup_py']
[1.020s] Level 1:colcon.colcon_core.package_identification:_identify(setup/docker/ros_noetic) by extension 'python_setup_py'
[1.020s] Level 1:colcon.colcon_core.package_identification:_identify(setup/luckfox) by extensions ['ignore', 'ignore_ament_install']
[1.021s] Level 1:colcon.colcon_core.package_identification:_identify(setup/luckfox) by extension 'ignore'
[1.021s] Level 1:colcon.colcon_core.package_identification:_identify(setup/luckfox) by extension 'ignore_ament_install'
[1.021s] Level 1:colcon.colcon_core.package_identification:_identify(setup/luckfox) by extensions ['colcon_pkg']
[1.021s] Level 1:colcon.colcon_core.package_identification:_identify(setup/luckfox) by extension 'colcon_pkg'
[1.021s] Level 1:colcon.colcon_core.package_identification:_identify(setup/luckfox) by extensions ['colcon_meta']
[1.021s] Level 1:colcon.colcon_core.package_identification:_identify(setup/luckfox) by extension 'colcon_meta'
[1.022s] Level 1:colcon.colcon_core.package_identification:_identify(setup/luckfox) by extensions ['ros']
[1.022s] Level 1:colcon.colcon_core.package_identification:_identify(setup/luckfox) by extension 'ros'
[1.022s] Level 1:colcon.colcon_core.package_identification:_identify(setup/luckfox) by extensions ['cmake', 'python']
[1.022s] Level 1:colcon.colcon_core.package_identification:_identify(setup/luckfox) by extension 'cmake'
[1.022s] Level 1:colcon.colcon_core.package_identification:_identify(setup/luckfox) by extension 'python'
[1.023s] Level 1:colcon.colcon_core.package_identification:_identify(setup/luckfox) by extensions ['python_setup_py']
[1.023s] Level 1:colcon.colcon_core.package_identification:_identify(setup/luckfox) by extension 'python_setup_py'
[1.023s] Level 1:colcon.colcon_core.package_identification:_identify(setup/luckfox/build) by extensions ['ignore', 'ignore_ament_install']
[1.024s] Level 1:colcon.colcon_core.package_identification:_identify(setup/luckfox/build) by extension 'ignore'
[1.024s] Level 1:colcon.colcon_core.package_identification:_identify(setup/luckfox/build) by extension 'ignore_ament_install'
[1.024s] Level 1:colcon.colcon_core.package_identification:_identify(setup/luckfox/build) by extensions ['colcon_pkg']
[1.024s] Level 1:colcon.colcon_core.package_identification:_identify(setup/luckfox/build) by extension 'colcon_pkg'
[1.024s] Level 1:colcon.colcon_core.package_identification:_identify(setup/luckfox/build) by extensions ['colcon_meta']
[1.024s] Level 1:colcon.colcon_core.package_identification:_identify(setup/luckfox/build) by extension 'colcon_meta'
[1.025s] Level 1:colcon.colcon_core.package_identification:_identify(setup/luckfox/build) by extensions ['ros']
[1.025s] Level 1:colcon.colcon_core.package_identification:_identify(setup/luckfox/build) by extension 'ros'
[1.025s] Level 1:colcon.colcon_core.package_identification:_identify(setup/luckfox/build) by extensions ['cmake', 'python']
[1.025s] Level 1:colcon.colcon_core.package_identification:_identify(setup/luckfox/build) by extension 'cmake'
[1.025s] Level 1:colcon.colcon_core.package_identification:_identify(setup/luckfox/build) by extension 'python'
[1.026s] Level 1:colcon.colcon_core.package_identification:_identify(setup/luckfox/build) by extensions ['python_setup_py']
[1.026s] Level 1:colcon.colcon_core.package_identification:_identify(setup/luckfox/build) by extension 'python_setup_py'
[1.026s] Level 1:colcon.colcon_core.package_identification:_identify(setup/luckfox/build/3rdparty.out) by extensions ['ignore', 'ignore_ament_install']
[1.027s] Level 1:colcon.colcon_core.package_identification:_identify(setup/luckfox/build/3rdparty.out) by extension 'ignore'
[1.027s] Level 1:colcon.colcon_core.package_identification:_identify(setup/luckfox/build/3rdparty.out) by extension 'ignore_ament_install'
[1.027s] Level 1:colcon.colcon_core.package_identification:_identify(setup/luckfox/build/3rdparty.out) by extensions ['colcon_pkg']
[1.027s] Level 1:colcon.colcon_core.package_identification:_identify(setup/luckfox/build/3rdparty.out) by extension 'colcon_pkg'
[1.027s] Level 1:colcon.colcon_core.package_identification:_identify(setup/luckfox/build/3rdparty.out) by extensions ['colcon_meta']
[1.028s] Level 1:colcon.colcon_core.package_identification:_identify(setup/luckfox/build/3rdparty.out) by extension 'colcon_meta'
[1.028s] Level 1:colcon.colcon_core.package_identification:_identify(setup/luckfox/build/3rdparty.out) by extensions ['ros']
[1.028s] Level 1:colcon.colcon_core.package_identification:_identify(setup/luckfox/build/3rdparty.out) by extension 'ros'
[1.028s] Level 1:colcon.colcon_core.package_identification:_identify(setup/luckfox/build/3rdparty.out) by extensions ['cmake', 'python']
[1.028s] Level 1:colcon.colcon_core.package_identification:_identify(setup/luckfox/build/3rdparty.out) by extension 'cmake'
[1.029s] Level 1:colcon.colcon_core.package_identification:_identify(setup/luckfox/build/3rdparty.out) by extension 'python'
[1.029s] Level 1:colcon.colcon_core.package_identification:_identify(setup/luckfox/build/3rdparty.out) by extensions ['python_setup_py']
[1.029s] Level 1:colcon.colcon_core.package_identification:_identify(setup/luckfox/build/3rdparty.out) by extension 'python_setup_py'
[1.029s] Level 1:colcon.colcon_core.package_identification:_identify(setup/luckfox/build/3rdparty.out/CMakeFiles) by extensions ['ignore', 'ignore_ament_install']
[1.030s] Level 1:colcon.colcon_core.package_identification:_identify(setup/luckfox/build/3rdparty.out/CMakeFiles) by extension 'ignore'
[1.030s] Level 1:colcon.colcon_core.package_identification:_identify(setup/luckfox/build/3rdparty.out/CMakeFiles) by extension 'ignore_ament_install'
[1.030s] Level 1:colcon.colcon_core.package_identification:_identify(setup/luckfox/build/3rdparty.out/CMakeFiles) by extensions ['colcon_pkg']
[1.030s] Level 1:colcon.colcon_core.package_identification:_identify(setup/luckfox/build/3rdparty.out/CMakeFiles) by extension 'colcon_pkg'
[1.031s] Level 1:colcon.colcon_core.package_identification:_identify(setup/luckfox/build/3rdparty.out/CMakeFiles) by extensions ['colcon_meta']
[1.031s] Level 1:colcon.colcon_core.package_identification:_identify(setup/luckfox/build/3rdparty.out/CMakeFiles) by extension 'colcon_meta'
[1.031s] Level 1:colcon.colcon_core.package_identification:_identify(setup/luckfox/build/3rdparty.out/CMakeFiles) by extensions ['ros']
[1.031s] Level 1:colcon.colcon_core.package_identification:_identify(setup/luckfox/build/3rdparty.out/CMakeFiles) by extension 'ros'
[1.031s] Level 1:colcon.colcon_core.package_identification:_identify(setup/luckfox/build/3rdparty.out/CMakeFiles) by extensions ['cmake', 'python']
[1.032s] Level 1:colcon.colcon_core.package_identification:_identify(setup/luckfox/build/3rdparty.out/CMakeFiles) by extension 'cmake'
[1.032s] Level 1:colcon.colcon_core.package_identification:_identify(setup/luckfox/build/3rdparty.out/CMakeFiles) by extension 'python'
[1.032s] Level 1:colcon.colcon_core.package_identification:_identify(setup/luckfox/build/3rdparty.out/CMakeFiles) by extensions ['python_setup_py']
[1.032s] Level 1:colcon.colcon_core.package_identification:_identify(setup/luckfox/build/3rdparty.out/CMakeFiles) by extension 'python_setup_py'
[1.033s] Level 1:colcon.colcon_core.package_identification:_identify(setup/luckfox/build/CMakeFiles) by extensions ['ignore', 'ignore_ament_install']
[1.033s] Level 1:colcon.colcon_core.package_identification:_identify(setup/luckfox/build/CMakeFiles) by extension 'ignore'
[1.033s] Level 1:colcon.colcon_core.package_identification:_identify(setup/luckfox/build/CMakeFiles) by extension 'ignore_ament_install'
[1.033s] Level 1:colcon.colcon_core.package_identification:_identify(setup/luckfox/build/CMakeFiles) by extensions ['colcon_pkg']
[1.034s] Level 1:colcon.colcon_core.package_identification:_identify(setup/luckfox/build/CMakeFiles) by extension 'colcon_pkg'
[1.034s] Level 1:colcon.colcon_core.package_identification:_identify(setup/luckfox/build/CMakeFiles) by extensions ['colcon_meta']
[1.034s] Level 1:colcon.colcon_core.package_identification:_identify(setup/luckfox/build/CMakeFiles) by extension 'colcon_meta'
[1.034s] Level 1:colcon.colcon_core.package_identification:_identify(setup/luckfox/build/CMakeFiles) by extensions ['ros']
[1.034s] Level 1:colcon.colcon_core.package_identification:_identify(setup/luckfox/build/CMakeFiles) by extension 'ros'
[1.035s] Level 1:colcon.colcon_core.package_identification:_identify(setup/luckfox/build/CMakeFiles) by extensions ['cmake', 'python']
[1.035s] Level 1:colcon.colcon_core.package_identification:_identify(setup/luckfox/build/CMakeFiles) by extension 'cmake'
[1.035s] Level 1:colcon.colcon_core.package_identification:_identify(setup/luckfox/build/CMakeFiles) by extension 'python'
[1.035s] Level 1:colcon.colcon_core.package_identification:_identify(setup/luckfox/build/CMakeFiles) by extensions ['python_setup_py']
[1.035s] Level 1:colcon.colcon_core.package_identification:_identify(setup/luckfox/build/CMakeFiles) by extension 'python_setup_py'
[1.036s] Level 1:colcon.colcon_core.package_identification:_identify(setup/luckfox/build/CMakeFiles/3.28.1) by extensions ['ignore', 'ignore_ament_install']
[1.036s] Level 1:colcon.colcon_core.package_identification:_identify(setup/luckfox/build/CMakeFiles/3.28.1) by extension 'ignore'
[1.036s] Level 1:colcon.colcon_core.package_identification:_identify(setup/luckfox/build/CMakeFiles/3.28.1) by extension 'ignore_ament_install'
[1.037s] Level 1:colcon.colcon_core.package_identification:_identify(setup/luckfox/build/CMakeFiles/3.28.1) by extensions ['colcon_pkg']
[1.037s] Level 1:colcon.colcon_core.package_identification:_identify(setup/luckfox/build/CMakeFiles/3.28.1) by extension 'colcon_pkg'
[1.037s] Level 1:colcon.colcon_core.package_identification:_identify(setup/luckfox/build/CMakeFiles/3.28.1) by extensions ['colcon_meta']
[1.037s] Level 1:colcon.colcon_core.package_identification:_identify(setup/luckfox/build/CMakeFiles/3.28.1) by extension 'colcon_meta'
[1.037s] Level 1:colcon.colcon_core.package_identification:_identify(setup/luckfox/build/CMakeFiles/3.28.1) by extensions ['ros']
[1.037s] Level 1:colcon.colcon_core.package_identification:_identify(setup/luckfox/build/CMakeFiles/3.28.1) by extension 'ros'
[1.038s] Level 1:colcon.colcon_core.package_identification:_identify(setup/luckfox/build/CMakeFiles/3.28.1) by extensions ['cmake', 'python']
[1.038s] Level 1:colcon.colcon_core.package_identification:_identify(setup/luckfox/build/CMakeFiles/3.28.1) by extension 'cmake'
[1.038s] Level 1:colcon.colcon_core.package_identification:_identify(setup/luckfox/build/CMakeFiles/3.28.1) by extension 'python'
[1.038s] Level 1:colcon.colcon_core.package_identification:_identify(setup/luckfox/build/CMakeFiles/3.28.1) by extensions ['python_setup_py']
[1.038s] Level 1:colcon.colcon_core.package_identification:_identify(setup/luckfox/build/CMakeFiles/3.28.1) by extension 'python_setup_py'
[1.039s] Level 1:colcon.colcon_core.package_identification:_identify(setup/luckfox/build/CMakeFiles/3.28.1/CompilerIdC) by extensions ['ignore', 'ignore_ament_install']
[1.039s] Level 1:colcon.colcon_core.package_identification:_identify(setup/luckfox/build/CMakeFiles/3.28.1/CompilerIdC) by extension 'ignore'
[1.040s] Level 1:colcon.colcon_core.package_identification:_identify(setup/luckfox/build/CMakeFiles/3.28.1/CompilerIdC) by extension 'ignore_ament_install'
[1.040s] Level 1:colcon.colcon_core.package_identification:_identify(setup/luckfox/build/CMakeFiles/3.28.1/CompilerIdC) by extensions ['colcon_pkg']
[1.040s] Level 1:colcon.colcon_core.package_identification:_identify(setup/luckfox/build/CMakeFiles/3.28.1/CompilerIdC) by extension 'colcon_pkg'
[1.040s] Level 1:colcon.colcon_core.package_identification:_identify(setup/luckfox/build/CMakeFiles/3.28.1/CompilerIdC) by extensions ['colcon_meta']
[1.040s] Level 1:colcon.colcon_core.package_identification:_identify(setup/luckfox/build/CMakeFiles/3.28.1/CompilerIdC) by extension 'colcon_meta'
[1.041s] Level 1:colcon.colcon_core.package_identification:_identify(setup/luckfox/build/CMakeFiles/3.28.1/CompilerIdC) by extensions ['ros']
[1.041s] Level 1:colcon.colcon_core.package_identification:_identify(setup/luckfox/build/CMakeFiles/3.28.1/CompilerIdC) by extension 'ros'
[1.041s] Level 1:colcon.colcon_core.package_identification:_identify(setup/luckfox/build/CMakeFiles/3.28.1/CompilerIdC) by extensions ['cmake', 'python']
[1.041s] Level 1:colcon.colcon_core.package_identification:_identify(setup/luckfox/build/CMakeFiles/3.28.1/CompilerIdC) by extension 'cmake'
[1.042s] Level 1:colcon.colcon_core.package_identification:_identify(setup/luckfox/build/CMakeFiles/3.28.1/CompilerIdC) by extension 'python'
[1.042s] Level 1:colcon.colcon_core.package_identification:_identify(setup/luckfox/build/CMakeFiles/3.28.1/CompilerIdC) by extensions ['python_setup_py']
[1.042s] Level 1:colcon.colcon_core.package_identification:_identify(setup/luckfox/build/CMakeFiles/3.28.1/CompilerIdC) by extension 'python_setup_py'
[1.042s] Level 1:colcon.colcon_core.package_identification:_identify(setup/luckfox/build/CMakeFiles/3.28.1/CompilerIdCXX) by extensions ['ignore', 'ignore_ament_install']
[1.043s] Level 1:colcon.colcon_core.package_identification:_identify(setup/luckfox/build/CMakeFiles/3.28.1/CompilerIdCXX) by extension 'ignore'
[1.043s] Level 1:colcon.colcon_core.package_identification:_identify(setup/luckfox/build/CMakeFiles/3.28.1/CompilerIdCXX) by extension 'ignore_ament_install'
[1.043s] Level 1:colcon.colcon_core.package_identification:_identify(setup/luckfox/build/CMakeFiles/3.28.1/CompilerIdCXX) by extensions ['colcon_pkg']
[1.043s] Level 1:colcon.colcon_core.package_identification:_identify(setup/luckfox/build/CMakeFiles/3.28.1/CompilerIdCXX) by extension 'colcon_pkg'
[1.044s] Level 1:colcon.colcon_core.package_identification:_identify(setup/luckfox/build/CMakeFiles/3.28.1/CompilerIdCXX) by extensions ['colcon_meta']
[1.044s] Level 1:colcon.colcon_core.package_identification:_identify(setup/luckfox/build/CMakeFiles/3.28.1/CompilerIdCXX) by extension 'colcon_meta'
[1.044s] Level 1:colcon.colcon_core.package_identification:_identify(setup/luckfox/build/CMakeFiles/3.28.1/CompilerIdCXX) by extensions ['ros']
[1.044s] Level 1:colcon.colcon_core.package_identification:_identify(setup/luckfox/build/CMakeFiles/3.28.1/CompilerIdCXX) by extension 'ros'
[1.044s] Level 1:colcon.colcon_core.package_identification:_identify(setup/luckfox/build/CMakeFiles/3.28.1/CompilerIdCXX) by extensions ['cmake', 'python']
[1.045s] Level 1:colcon.colcon_core.package_identification:_identify(setup/luckfox/build/CMakeFiles/3.28.1/CompilerIdCXX) by extension 'cmake'
[1.045s] Level 1:colcon.colcon_core.package_identification:_identify(setup/luckfox/build/CMakeFiles/3.28.1/CompilerIdCXX) by extension 'python'
[1.045s] Level 1:colcon.colcon_core.package_identification:_identify(setup/luckfox/build/CMakeFiles/3.28.1/CompilerIdCXX) by extensions ['python_setup_py']
[1.045s] Level 1:colcon.colcon_core.package_identification:_identify(setup/luckfox/build/CMakeFiles/3.28.1/CompilerIdCXX) by extension 'python_setup_py'
[1.046s] Level 1:colcon.colcon_core.package_identification:_identify(setup/luckfox/build/CMakeFiles/luckfox_pico_rtsp_yolov5.dir) by extensions ['ignore', 'ignore_ament_install']
[1.046s] Level 1:colcon.colcon_core.package_identification:_identify(setup/luckfox/build/CMakeFiles/luckfox_pico_rtsp_yolov5.dir) by extension 'ignore'
[1.046s] Level 1:colcon.colcon_core.package_identification:_identify(setup/luckfox/build/CMakeFiles/luckfox_pico_rtsp_yolov5.dir) by extension 'ignore_ament_install'
[1.047s] Level 1:colcon.colcon_core.package_identification:_identify(setup/luckfox/build/CMakeFiles/luckfox_pico_rtsp_yolov5.dir) by extensions ['colcon_pkg']
[1.047s] Level 1:colcon.colcon_core.package_identification:_identify(setup/luckfox/build/CMakeFiles/luckfox_pico_rtsp_yolov5.dir) by extension 'colcon_pkg'
[1.047s] Level 1:colcon.colcon_core.package_identification:_identify(setup/luckfox/build/CMakeFiles/luckfox_pico_rtsp_yolov5.dir) by extensions ['colcon_meta']
[1.047s] Level 1:colcon.colcon_core.package_identification:_identify(setup/luckfox/build/CMakeFiles/luckfox_pico_rtsp_yolov5.dir) by extension 'colcon_meta'
[1.047s] Level 1:colcon.colcon_core.package_identification:_identify(setup/luckfox/build/CMakeFiles/luckfox_pico_rtsp_yolov5.dir) by extensions ['ros']
[1.047s] Level 1:colcon.colcon_core.package_identification:_identify(setup/luckfox/build/CMakeFiles/luckfox_pico_rtsp_yolov5.dir) by extension 'ros'
[1.048s] Level 1:colcon.colcon_core.package_identification:_identify(setup/luckfox/build/CMakeFiles/luckfox_pico_rtsp_yolov5.dir) by extensions ['cmake', 'python']
[1.048s] Level 1:colcon.colcon_core.package_identification:_identify(setup/luckfox/build/CMakeFiles/luckfox_pico_rtsp_yolov5.dir) by extension 'cmake'
[1.048s] Level 1:colcon.colcon_core.package_identification:_identify(setup/luckfox/build/CMakeFiles/luckfox_pico_rtsp_yolov5.dir) by extension 'python'
[1.048s] Level 1:colcon.colcon_core.package_identification:_identify(setup/luckfox/build/CMakeFiles/luckfox_pico_rtsp_yolov5.dir) by extensions ['python_setup_py']
[1.048s] Level 1:colcon.colcon_core.package_identification:_identify(setup/luckfox/build/CMakeFiles/luckfox_pico_rtsp_yolov5.dir) by extension 'python_setup_py'
[1.049s] Level 1:colcon.colcon_core.package_identification:_identify(setup/luckfox/build/CMakeFiles/luckfox_pico_rtsp_yolov5.dir/src) by extensions ['ignore', 'ignore_ament_install']
[1.049s] Level 1:colcon.colcon_core.package_identification:_identify(setup/luckfox/build/CMakeFiles/luckfox_pico_rtsp_yolov5.dir/src) by extension 'ignore'
[1.050s] Level 1:colcon.colcon_core.package_identification:_identify(setup/luckfox/build/CMakeFiles/luckfox_pico_rtsp_yolov5.dir/src) by extension 'ignore_ament_install'
[1.050s] Level 1:colcon.colcon_core.package_identification:_identify(setup/luckfox/build/CMakeFiles/luckfox_pico_rtsp_yolov5.dir/src) by extensions ['colcon_pkg']
[1.050s] Level 1:colcon.colcon_core.package_identification:_identify(setup/luckfox/build/CMakeFiles/luckfox_pico_rtsp_yolov5.dir/src) by extension 'colcon_pkg'
[1.050s] Level 1:colcon.colcon_core.package_identification:_identify(setup/luckfox/build/CMakeFiles/luckfox_pico_rtsp_yolov5.dir/src) by extensions ['colcon_meta']
[1.050s] Level 1:colcon.colcon_core.package_identification:_identify(setup/luckfox/build/CMakeFiles/luckfox_pico_rtsp_yolov5.dir/src) by extension 'colcon_meta'
[1.051s] Level 1:colcon.colcon_core.package_identification:_identify(setup/luckfox/build/CMakeFiles/luckfox_pico_rtsp_yolov5.dir/src) by extensions ['ros']
[1.051s] Level 1:colcon.colcon_core.package_identification:_identify(setup/luckfox/build/CMakeFiles/luckfox_pico_rtsp_yolov5.dir/src) by extension 'ros'
[1.051s] Level 1:colcon.colcon_core.package_identification:_identify(setup/luckfox/build/CMakeFiles/luckfox_pico_rtsp_yolov5.dir/src) by extensions ['cmake', 'python']
[1.051s] Level 1:colcon.colcon_core.package_identification:_identify(setup/luckfox/build/CMakeFiles/luckfox_pico_rtsp_yolov5.dir/src) by extension 'cmake'
[1.051s] Level 1:colcon.colcon_core.package_identification:_identify(setup/luckfox/build/CMakeFiles/luckfox_pico_rtsp_yolov5.dir/src) by extension 'python'
[1.052s] Level 1:colcon.colcon_core.package_identification:_identify(setup/luckfox/build/CMakeFiles/luckfox_pico_rtsp_yolov5.dir/src) by extensions ['python_setup_py']
[1.052s] Level 1:colcon.colcon_core.package_identification:_identify(setup/luckfox/build/CMakeFiles/luckfox_pico_rtsp_yolov5.dir/src) by extension 'python_setup_py'
[1.052s] Level 1:colcon.colcon_core.package_identification:_identify(setup/luckfox/build/CMakeFiles/luckfox_pico_rtsp_yolov5.dir/src/luckfox_pico_rtsp_yolov5) by extensions ['ignore', 'ignore_ament_install']
[1.053s] Level 1:colcon.colcon_core.package_identification:_identify(setup/luckfox/build/CMakeFiles/luckfox_pico_rtsp_yolov5.dir/src/luckfox_pico_rtsp_yolov5) by extension 'ignore'
[1.053s] Level 1:colcon.colcon_core.package_identification:_identify(setup/luckfox/build/CMakeFiles/luckfox_pico_rtsp_yolov5.dir/src/luckfox_pico_rtsp_yolov5) by extension 'ignore_ament_install'
[1.053s] Level 1:colcon.colcon_core.package_identification:_identify(setup/luckfox/build/CMakeFiles/luckfox_pico_rtsp_yolov5.dir/src/luckfox_pico_rtsp_yolov5) by extensions ['colcon_pkg']
[1.053s] Level 1:colcon.colcon_core.package_identification:_identify(setup/luckfox/build/CMakeFiles/luckfox_pico_rtsp_yolov5.dir/src/luckfox_pico_rtsp_yolov5) by extension 'colcon_pkg'
[1.053s] Level 1:colcon.colcon_core.package_identification:_identify(setup/luckfox/build/CMakeFiles/luckfox_pico_rtsp_yolov5.dir/src/luckfox_pico_rtsp_yolov5) by extensions ['colcon_meta']
[1.054s] Level 1:colcon.colcon_core.package_identification:_identify(setup/luckfox/build/CMakeFiles/luckfox_pico_rtsp_yolov5.dir/src/luckfox_pico_rtsp_yolov5) by extension 'colcon_meta'
[1.054s] Level 1:colcon.colcon_core.package_identification:_identify(setup/luckfox/build/CMakeFiles/luckfox_pico_rtsp_yolov5.dir/src/luckfox_pico_rtsp_yolov5) by extensions ['ros']
[1.054s] Level 1:colcon.colcon_core.package_identification:_identify(setup/luckfox/build/CMakeFiles/luckfox_pico_rtsp_yolov5.dir/src/luckfox_pico_rtsp_yolov5) by extension 'ros'
[1.054s] Level 1:colcon.colcon_core.package_identification:_identify(setup/luckfox/build/CMakeFiles/luckfox_pico_rtsp_yolov5.dir/src/luckfox_pico_rtsp_yolov5) by extensions ['cmake', 'python']
[1.054s] Level 1:colcon.colcon_core.package_identification:_identify(setup/luckfox/build/CMakeFiles/luckfox_pico_rtsp_yolov5.dir/src/luckfox_pico_rtsp_yolov5) by extension 'cmake'
[1.055s] Level 1:colcon.colcon_core.package_identification:_identify(setup/luckfox/build/CMakeFiles/luckfox_pico_rtsp_yolov5.dir/src/luckfox_pico_rtsp_yolov5) by extension 'python'
[1.055s] Level 1:colcon.colcon_core.package_identification:_identify(setup/luckfox/build/CMakeFiles/luckfox_pico_rtsp_yolov5.dir/src/luckfox_pico_rtsp_yolov5) by extensions ['python_setup_py']
[1.055s] Level 1:colcon.colcon_core.package_identification:_identify(setup/luckfox/build/CMakeFiles/luckfox_pico_rtsp_yolov5.dir/src/luckfox_pico_rtsp_yolov5) by extension 'python_setup_py'
[1.056s] Level 1:colcon.colcon_core.package_identification:_identify(setup/luckfox/build/CMakeFiles/luckfox_pico_rtsp_yolov5.dir/src/luckfox_pico_rtsp_yolov5/src) by extensions ['ignore', 'ignore_ament_install']
[1.056s] Level 1:colcon.colcon_core.package_identification:_identify(setup/luckfox/build/CMakeFiles/luckfox_pico_rtsp_yolov5.dir/src/luckfox_pico_rtsp_yolov5/src) by extension 'ignore'
[1.056s] Level 1:colcon.colcon_core.package_identification:_identify(setup/luckfox/build/CMakeFiles/luckfox_pico_rtsp_yolov5.dir/src/luckfox_pico_rtsp_yolov5/src) by extension 'ignore_ament_install'
[1.057s] Level 1:colcon.colcon_core.package_identification:_identify(setup/luckfox/build/CMakeFiles/luckfox_pico_rtsp_yolov5.dir/src/luckfox_pico_rtsp_yolov5/src) by extensions ['colcon_pkg']
[1.057s] Level 1:colcon.colcon_core.package_identification:_identify(setup/luckfox/build/CMakeFiles/luckfox_pico_rtsp_yolov5.dir/src/luckfox_pico_rtsp_yolov5/src) by extension 'colcon_pkg'
[1.057s] Level 1:colcon.colcon_core.package_identification:_identify(setup/luckfox/build/CMakeFiles/luckfox_pico_rtsp_yolov5.dir/src/luckfox_pico_rtsp_yolov5/src) by extensions ['colcon_meta']
[1.057s] Level 1:colcon.colcon_core.package_identification:_identify(setup/luckfox/build/CMakeFiles/luckfox_pico_rtsp_yolov5.dir/src/luckfox_pico_rtsp_yolov5/src) by extension 'colcon_meta'
[1.057s] Level 1:colcon.colcon_core.package_identification:_identify(setup/luckfox/build/CMakeFiles/luckfox_pico_rtsp_yolov5.dir/src/luckfox_pico_rtsp_yolov5/src) by extensions ['ros']
[1.057s] Level 1:colcon.colcon_core.package_identification:_identify(setup/luckfox/build/CMakeFiles/luckfox_pico_rtsp_yolov5.dir/src/luckfox_pico_rtsp_yolov5/src) by extension 'ros'
[1.058s] Level 1:colcon.colcon_core.package_identification:_identify(setup/luckfox/build/CMakeFiles/luckfox_pico_rtsp_yolov5.dir/src/luckfox_pico_rtsp_yolov5/src) by extensions ['cmake', 'python']
[1.058s] Level 1:colcon.colcon_core.package_identification:_identify(setup/luckfox/build/CMakeFiles/luckfox_pico_rtsp_yolov5.dir/src/luckfox_pico_rtsp_yolov5/src) by extension 'cmake'
[1.058s] Level 1:colcon.colcon_core.package_identification:_identify(setup/luckfox/build/CMakeFiles/luckfox_pico_rtsp_yolov5.dir/src/luckfox_pico_rtsp_yolov5/src) by extension 'python'
[1.058s] Level 1:colcon.colcon_core.package_identification:_identify(setup/luckfox/build/CMakeFiles/luckfox_pico_rtsp_yolov5.dir/src/luckfox_pico_rtsp_yolov5/src) by extensions ['python_setup_py']
[1.058s] Level 1:colcon.colcon_core.package_identification:_identify(setup/luckfox/build/CMakeFiles/luckfox_pico_rtsp_yolov5.dir/src/luckfox_pico_rtsp_yolov5/src) by extension 'python_setup_py'
[1.059s] Level 1:colcon.colcon_core.package_identification:_identify(setup/luckfox/configs) by extensions ['ignore', 'ignore_ament_install']
[1.059s] Level 1:colcon.colcon_core.package_identification:_identify(setup/luckfox/configs) by extension 'ignore'
[1.060s] Level 1:colcon.colcon_core.package_identification:_identify(setup/luckfox/configs) by extension 'ignore_ament_install'
[1.060s] Level 1:colcon.colcon_core.package_identification:_identify(setup/luckfox/configs) by extensions ['colcon_pkg']
[1.060s] Level 1:colcon.colcon_core.package_identification:_identify(setup/luckfox/configs) by extension 'colcon_pkg'
[1.060s] Level 1:colcon.colcon_core.package_identification:_identify(setup/luckfox/configs) by extensions ['colcon_meta']
[1.060s] Level 1:colcon.colcon_core.package_identification:_identify(setup/luckfox/configs) by extension 'colcon_meta'
[1.060s] Level 1:colcon.colcon_core.package_identification:_identify(setup/luckfox/configs) by extensions ['ros']
[1.060s] Level 1:colcon.colcon_core.package_identification:_identify(setup/luckfox/configs) by extension 'ros'
[1.061s] Level 1:colcon.colcon_core.package_identification:_identify(setup/luckfox/configs) by extensions ['cmake', 'python']
[1.061s] Level 1:colcon.colcon_core.package_identification:_identify(setup/luckfox/configs) by extension 'cmake'
[1.061s] Level 1:colcon.colcon_core.package_identification:_identify(setup/luckfox/configs) by extension 'python'
[1.061s] Level 1:colcon.colcon_core.package_identification:_identify(setup/luckfox/configs) by extensions ['python_setup_py']
[1.061s] Level 1:colcon.colcon_core.package_identification:_identify(setup/luckfox/configs) by extension 'python_setup_py'
[1.062s] Level 1:colcon.colcon_core.package_identification:_identify(setup/luckfox/demos) by extensions ['ignore', 'ignore_ament_install']
[1.062s] Level 1:colcon.colcon_core.package_identification:_identify(setup/luckfox/demos) by extension 'ignore'
[1.063s] Level 1:colcon.colcon_core.package_identification:_identify(setup/luckfox/demos) by extension 'ignore_ament_install'
[1.063s] Level 1:colcon.colcon_core.package_identification:_identify(setup/luckfox/demos) by extensions ['colcon_pkg']
[1.063s] Level 1:colcon.colcon_core.package_identification:_identify(setup/luckfox/demos) by extension 'colcon_pkg'
[1.063s] Level 1:colcon.colcon_core.package_identification:_identify(setup/luckfox/demos) by extensions ['colcon_meta']
[1.063s] Level 1:colcon.colcon_core.package_identification:_identify(setup/luckfox/demos) by extension 'colcon_meta'
[1.063s] Level 1:colcon.colcon_core.package_identification:_identify(setup/luckfox/demos) by extensions ['ros']
[1.064s] Level 1:colcon.colcon_core.package_identification:_identify(setup/luckfox/demos) by extension 'ros'
[1.064s] Level 1:colcon.colcon_core.package_identification:_identify(setup/luckfox/demos) by extensions ['cmake', 'python']
[1.064s] Level 1:colcon.colcon_core.package_identification:_identify(setup/luckfox/demos) by extension 'cmake'
[1.107s] Level 1:colcon.colcon_core.package_identification:_identify(setup/luckfox/demos) by extension 'python'
[1.107s] DEBUG:colcon.colcon_core.package_identification:Package 'setup/luckfox/demos' with type 'cmake' and name 'demos'
[1.107s] Level 1:colcon.colcon_core.package_identification:_identify(setup/raspberry) by extensions ['ignore', 'ignore_ament_install']
[1.108s] Level 1:colcon.colcon_core.package_identification:_identify(setup/raspberry) by extension 'ignore'
[1.108s] Level 1:colcon.colcon_core.package_identification:_identify(setup/raspberry) by extension 'ignore_ament_install'
[1.108s] Level 1:colcon.colcon_core.package_identification:_identify(setup/raspberry) by extensions ['colcon_pkg']
[1.108s] Level 1:colcon.colcon_core.package_identification:_identify(setup/raspberry) by extension 'colcon_pkg'
[1.109s] Level 1:colcon.colcon_core.package_identification:_identify(setup/raspberry) by extensions ['colcon_meta']
[1.109s] Level 1:colcon.colcon_core.package_identification:_identify(setup/raspberry) by extension 'colcon_meta'
[1.109s] Level 1:colcon.colcon_core.package_identification:_identify(setup/raspberry) by extensions ['ros']
[1.109s] Level 1:colcon.colcon_core.package_identification:_identify(setup/raspberry) by extension 'ros'
[1.109s] Level 1:colcon.colcon_core.package_identification:_identify(setup/raspberry) by extensions ['cmake', 'python']
[1.109s] Level 1:colcon.colcon_core.package_identification:_identify(setup/raspberry) by extension 'cmake'
[1.110s] Level 1:colcon.colcon_core.package_identification:_identify(setup/raspberry) by extension 'python'
[1.110s] Level 1:colcon.colcon_core.package_identification:_identify(setup/raspberry) by extensions ['python_setup_py']
[1.110s] Level 1:colcon.colcon_core.package_identification:_identify(setup/raspberry) by extension 'python_setup_py'
[1.110s] Level 1:colcon.colcon_core.package_identification:_identify(setup/ssh) by extensions ['ignore', 'ignore_ament_install']
[1.111s] Level 1:colcon.colcon_core.package_identification:_identify(setup/ssh) by extension 'ignore'
[1.111s] Level 1:colcon.colcon_core.package_identification:_identify(setup/ssh) by extension 'ignore_ament_install'
[1.111s] Level 1:colcon.colcon_core.package_identification:_identify(setup/ssh) by extensions ['colcon_pkg']
[1.111s] Level 1:colcon.colcon_core.package_identification:_identify(setup/ssh) by extension 'colcon_pkg'
[1.112s] Level 1:colcon.colcon_core.package_identification:_identify(setup/ssh) by extensions ['colcon_meta']
[1.112s] Level 1:colcon.colcon_core.package_identification:_identify(setup/ssh) by extension 'colcon_meta'
[1.112s] Level 1:colcon.colcon_core.package_identification:_identify(setup/ssh) by extensions ['ros']
[1.112s] Level 1:colcon.colcon_core.package_identification:_identify(setup/ssh) by extension 'ros'
[1.112s] Level 1:colcon.colcon_core.package_identification:_identify(setup/ssh) by extensions ['cmake', 'python']
[1.112s] Level 1:colcon.colcon_core.package_identification:_identify(setup/ssh) by extension 'cmake'
[1.113s] Level 1:colcon.colcon_core.package_identification:_identify(setup/ssh) by extension 'python'
[1.113s] Level 1:colcon.colcon_core.package_identification:_identify(setup/ssh) by extensions ['python_setup_py']
[1.113s] Level 1:colcon.colcon_core.package_identification:_identify(setup/ssh) by extension 'python_setup_py'
[1.113s] Level 1:colcon.colcon_core.package_identification:_identify(setup/workspace) by extensions ['ignore', 'ignore_ament_install']
[1.114s] Level 1:colcon.colcon_core.package_identification:_identify(setup/workspace) by extension 'ignore'
[1.114s] Level 1:colcon.colcon_core.package_identification:_identify(setup/workspace) by extension 'ignore_ament_install'
[1.114s] Level 1:colcon.colcon_core.package_identification:_identify(setup/workspace) by extensions ['colcon_pkg']
[1.114s] Level 1:colcon.colcon_core.package_identification:_identify(setup/workspace) by extension 'colcon_pkg'
[1.115s] Level 1:colcon.colcon_core.package_identification:_identify(setup/workspace) by extensions ['colcon_meta']
[1.115s] Level 1:colcon.colcon_core.package_identification:_identify(setup/workspace) by extension 'colcon_meta'
[1.115s] Level 1:colcon.colcon_core.package_identification:_identify(setup/workspace) by extensions ['ros']
[1.115s] Level 1:colcon.colcon_core.package_identification:_identify(setup/workspace) by extension 'ros'
[1.115s] Level 1:colcon.colcon_core.package_identification:_identify(setup/workspace) by extensions ['cmake', 'python']
[1.115s] Level 1:colcon.colcon_core.package_identification:_identify(setup/workspace) by extension 'cmake'
[1.116s] Level 1:colcon.colcon_core.package_identification:_identify(setup/workspace) by extension 'python'
[1.116s] Level 1:colcon.colcon_core.package_identification:_identify(setup/workspace) by extensions ['python_setup_py']
[1.116s] Level 1:colcon.colcon_core.package_identification:_identify(setup/workspace) by extension 'python_setup_py'
[1.116s] Level 1:colcon.colcon_core.package_discovery:discover_packages(recursive) using defaults
[1.116s] Level 1:colcon.colcon_core.package_discovery:discover_packages(ignore) discover
[1.116s] Level 1:colcon.colcon_core.package_discovery:discover_packages(ignore) using defaults
[1.116s] Level 1:colcon.colcon_core.package_discovery:discover_packages(path) discover
[1.117s] Level 1:colcon.colcon_core.package_discovery:discover_packages(path) using defaults
[1.200s] Level 1:colcon.colcon_core.package_discovery:discover_packages(prefix_path) check parameters
[1.200s] Level 1:colcon.colcon_core.package_discovery:discover_packages(prefix_path) discover
[1.217s] DEBUG:colcon.colcon_installed_package_information.package_discovery:Found 388 installed packages in /opt/ros/jazzy
[1.223s] Level 1:colcon.colcon_core.package_discovery:discover_packages(prefix_path) using defaults
[1.457s] Level 5:colcon.colcon_core.verb:set package 'darwin_description' build argument 'cmake_args' from command line to 'None'
[1.458s] Level 5:colcon.colcon_core.verb:set package 'darwin_description' build argument 'cmake_target' from command line to 'None'
[1.458s] Level 5:colcon.colcon_core.verb:set package 'darwin_description' build argument 'cmake_target_skip_unavailable' from command line to 'False'
[1.458s] Level 5:colcon.colcon_core.verb:set package 'darwin_description' build argument 'cmake_clean_cache' from command line to 'False'
[1.458s] Level 5:colcon.colcon_core.verb:set package 'darwin_description' build argument 'cmake_clean_first' from command line to 'False'
[1.458s] Level 5:colcon.colcon_core.verb:set package 'darwin_description' build argument 'cmake_force_configure' from command line to 'False'
[1.458s] Level 5:colcon.colcon_core.verb:set package 'darwin_description' build argument 'ament_cmake_args' from command line to 'None'
[1.458s] Level 5:colcon.colcon_core.verb:set package 'darwin_description' build argument 'catkin_cmake_args' from command line to 'None'
[1.458s] Level 5:colcon.colcon_core.verb:set package 'darwin_description' build argument 'catkin_skip_building_tests' from command line to 'False'
[1.459s] DEBUG:colcon.colcon_core.verb:Building package 'darwin_description' with the following arguments: {'ament_cmake_args': None, 'build_base': '/home/melissa/Documentos/Servicio/Pumanoids/build/darwin_description', 'catkin_cmake_args': None, 'catkin_skip_building_tests': False, 'cmake_args': None, 'cmake_clean_cache': False, 'cmake_clean_first': False, 'cmake_force_configure': False, 'cmake_target': None, 'cmake_target_skip_unavailable': False, 'install_base': '/home/melissa/Documentos/Servicio/Pumanoids/install/darwin_description', 'merge_install': False, 'path': '/home/melissa/Documentos/Servicio/Pumanoids/colcon_ws/src/robots/darwin/darwin_description', 'symlink_install': False, 'test_result_base': None}
[1.460s] Level 5:colcon.colcon_core.verb:set package 'demos' build argument 'cmake_args' from command line to 'None'
[1.460s] Level 5:colcon.colcon_core.verb:set package 'demos' build argument 'cmake_target' from command line to 'None'
[1.460s] Level 5:colcon.colcon_core.verb:set package 'demos' build argument 'cmake_target_skip_unavailable' from command line to 'False'
[1.460s] Level 5:colcon.colcon_core.verb:set package 'demos' build argument 'cmake_clean_cache' from command line to 'False'
[1.460s] Level 5:colcon.colcon_core.verb:set package 'demos' build argument 'cmake_clean_first' from command line to 'False'
[1.460s] Level 5:colcon.colcon_core.verb:set package 'demos' build argument 'cmake_force_configure' from command line to 'False'
[1.460s] Level 5:colcon.colcon_core.verb:set package 'demos' build argument 'ament_cmake_args' from command line to 'None'
[1.460s] Level 5:colcon.colcon_core.verb:set package 'demos' build argument 'catkin_cmake_args' from command line to 'None'
[1.460s] Level 5:colcon.colcon_core.verb:set package 'demos' build argument 'catkin_skip_building_tests' from command line to 'False'
[1.460s] DEBUG:colcon.colcon_core.verb:Building package 'demos' with the following arguments: {'ament_cmake_args': None, 'build_base': '/home/melissa/Documentos/Servicio/Pumanoids/build/demos', 'catkin_cmake_args': None, 'catkin_skip_building_tests': False, 'cmake_args': None, 'cmake_clean_cache': False, 'cmake_clean_first': False, 'cmake_force_configure': False, 'cmake_target': None, 'cmake_target_skip_unavailable': False, 'install_base': '/home/melissa/Documentos/Servicio/Pumanoids/install/demos', 'merge_install': False, 'path': '/home/melissa/Documentos/Servicio/Pumanoids/setup/luckfox/demos', 'symlink_install': False, 'test_result_base': None}
[1.461s] Level 5:colcon.colcon_core.verb:set package 'dynamixel' build argument 'cmake_args' from command line to 'None'
[1.462s] Level 5:colcon.colcon_core.verb:set package 'dynamixel' build argument 'cmake_target' from command line to 'None'
[1.462s] Level 5:colcon.colcon_core.verb:set package 'dynamixel' build argument 'cmake_target_skip_unavailable' from command line to 'False'
[1.462s] Level 5:colcon.colcon_core.verb:set package 'dynamixel' build argument 'cmake_clean_cache' from command line to 'False'
[1.462s] Level 5:colcon.colcon_core.verb:set package 'dynamixel' build argument 'cmake_clean_first' from command line to 'False'
[1.462s] Level 5:colcon.colcon_core.verb:set package 'dynamixel' build argument 'cmake_force_configure' from command line to 'False'
[1.462s] Level 5:colcon.colcon_core.verb:set package 'dynamixel' build argument 'ament_cmake_args' from command line to 'None'
[1.462s] Level 5:colcon.colcon_core.verb:set package 'dynamixel' build argument 'catkin_cmake_args' from command line to 'None'
[1.462s] Level 5:colcon.colcon_core.verb:set package 'dynamixel' build argument 'catkin_skip_building_tests' from command line to 'False'
[1.462s] DEBUG:colcon.colcon_core.verb:Building package 'dynamixel' with the following arguments: {'ament_cmake_args': None, 'build_base': '/home/melissa/Documentos/Servicio/Pumanoids/build/dynamixel', 'catkin_cmake_args': None, 'catkin_skip_building_tests': False, 'cmake_args': None, 'cmake_clean_cache': False, 'cmake_clean_first': False, 'cmake_force_configure': False, 'cmake_target': None, 'cmake_target_skip_unavailable': False, 'install_base': '/home/melissa/Documentos/Servicio/Pumanoids/install/dynamixel', 'merge_install': False, 'path': '/home/melissa/Documentos/Servicio/Pumanoids/colcon_ws/src/hardware/dynamixel', 'symlink_install': False, 'test_result_base': None}
[1.463s] Level 5:colcon.colcon_core.verb:set package 'gazebo_envs' build argument 'cmake_args' from command line to 'None'
[1.463s] Level 5:colcon.colcon_core.verb:set package 'gazebo_envs' build argument 'cmake_target' from command line to 'None'
[1.463s] Level 5:colcon.colcon_core.verb:set package 'gazebo_envs' build argument 'cmake_target_skip_unavailable' from command line to 'False'
[1.464s] Level 5:colcon.colcon_core.verb:set package 'gazebo_envs' build argument 'cmake_clean_cache' from command line to 'False'
[1.464s] Level 5:colcon.colcon_core.verb:set package 'gazebo_envs' build argument 'cmake_clean_first' from command line to 'False'
[1.464s] Level 5:colcon.colcon_core.verb:set package 'gazebo_envs' build argument 'cmake_force_configure' from command line to 'False'
[1.464s] Level 5:colcon.colcon_core.verb:set package 'gazebo_envs' build argument 'ament_cmake_args' from command line to 'None'
[1.464s] Level 5:colcon.colcon_core.verb:set package 'gazebo_envs' build argument 'catkin_cmake_args' from command line to 'None'
[1.464s] Level 5:colcon.colcon_core.verb:set package 'gazebo_envs' build argument 'catkin_skip_building_tests' from command line to 'False'
[1.464s] DEBUG:colcon.colcon_core.verb:Building package 'gazebo_envs' with the following arguments: {'ament_cmake_args': None, 'build_base': '/home/melissa/Documentos/Servicio/Pumanoids/build/gazebo_envs', 'catkin_cmake_args': None, 'catkin_skip_building_tests': False, 'cmake_args': None, 'cmake_clean_cache': False, 'cmake_clean_first': False, 'cmake_force_configure': False, 'cmake_target': None, 'cmake_target_skip_unavailable': False, 'install_base': '/home/melissa/Documentos/Servicio/Pumanoids/install/gazebo_envs', 'merge_install': False, 'path': '/home/melissa/Documentos/Servicio/Pumanoids/colcon_ws/src/simulation/gazebo_envs', 'symlink_install': False, 'test_result_base': None}
[1.465s] Level 5:colcon.colcon_core.verb:set package 'mujoco' build argument 'cmake_args' from command line to 'None'
[1.465s] Level 5:colcon.colcon_core.verb:set package 'mujoco' build argument 'cmake_target' from command line to 'None'
[1.465s] Level 5:colcon.colcon_core.verb:set package 'mujoco' build argument 'cmake_target_skip_unavailable' from command line to 'False'
[1.465s] Level 5:colcon.colcon_core.verb:set package 'mujoco' build argument 'cmake_clean_cache' from command line to 'False'
[1.465s] Level 5:colcon.colcon_core.verb:set package 'mujoco' build argument 'cmake_clean_first' from command line to 'False'
[1.466s] Level 5:colcon.colcon_core.verb:set package 'mujoco' build argument 'cmake_force_configure' from command line to 'False'
[1.466s] Level 5:colcon.colcon_core.verb:set package 'mujoco' build argument 'ament_cmake_args' from command line to 'None'
[1.466s] Level 5:colcon.colcon_core.verb:set package 'mujoco' build argument 'catkin_cmake_args' from command line to 'None'
[1.466s] Level 5:colcon.colcon_core.verb:set package 'mujoco' build argument 'catkin_skip_building_tests' from command line to 'False'
[1.466s] DEBUG:colcon.colcon_core.verb:Building package 'mujoco' with the following arguments: {'ament_cmake_args': None, 'build_base': '/home/melissa/Documentos/Servicio/Pumanoids/build/mujoco', 'catkin_cmake_args': None, 'catkin_skip_building_tests': False, 'cmake_args': None, 'cmake_clean_cache': False, 'cmake_clean_first': False, 'cmake_force_configure': False, 'cmake_target': None, 'cmake_target_skip_unavailable': False, 'install_base': '/home/melissa/Documentos/Servicio/Pumanoids/install/mujoco', 'merge_install': False, 'path': '/home/melissa/Documentos/Servicio/Pumanoids/colcon_ws/src/simulation/mujoco', 'symlink_install': False, 'test_result_base': None}
[1.467s] Level 5:colcon.colcon_core.verb:set package 'surge_et_ambula' build argument 'cmake_args' from command line to 'None'
[1.467s] Level 5:colcon.colcon_core.verb:set package 'surge_et_ambula' build argument 'cmake_target' from command line to 'None'
[1.467s] Level 5:colcon.colcon_core.verb:set package 'surge_et_ambula' build argument 'cmake_target_skip_unavailable' from command line to 'False'
[1.467s] Level 5:colcon.colcon_core.verb:set package 'surge_et_ambula' build argument 'cmake_clean_cache' from command line to 'False'
[1.467s] Level 5:colcon.colcon_core.verb:set package 'surge_et_ambula' build argument 'cmake_clean_first' from command line to 'False'
[1.467s] Level 5:colcon.colcon_core.verb:set package 'surge_et_ambula' build argument 'cmake_force_configure' from command line to 'False'
[1.467s] Level 5:colcon.colcon_core.verb:set package 'surge_et_ambula' build argument 'ament_cmake_args' from command line to 'None'
[1.468s] Level 5:colcon.colcon_core.verb:set package 'surge_et_ambula' build argument 'catkin_cmake_args' from command line to 'None'
[1.468s] Level 5:colcon.colcon_core.verb:set package 'surge_et_ambula' build argument 'catkin_skip_building_tests' from command line to 'False'
[1.468s] DEBUG:colcon.colcon_core.verb:Building package 'surge_et_ambula' with the following arguments: {'ament_cmake_args': None, 'build_base': '/home/melissa/Documentos/Servicio/Pumanoids/build/surge_et_ambula', 'catkin_cmake_args': None, 'catkin_skip_building_tests': False, 'cmake_args': None, 'cmake_clean_cache': False, 'cmake_clean_first': False, 'cmake_force_configure': False, 'cmake_target': None, 'cmake_target_skip_unavailable': False, 'install_base': '/home/melissa/Documentos/Servicio/Pumanoids/install/surge_et_ambula', 'merge_install': False, 'path': '/home/melissa/Documentos/Servicio/Pumanoids/colcon_ws/src/surge_et_ambula', 'symlink_install': False, 'test_result_base': None}
[1.468s] INFO:colcon.colcon_core.executor:Executing jobs using 'parallel' executor
[1.471s] DEBUG:colcon.colcon_parallel_executor.executor.parallel:run_until_complete
[1.471s] INFO:colcon.colcon_ros.task.ament_python.build:Building ROS package in '/home/melissa/Documentos/Servicio/Pumanoids/colcon_ws/src/robots/darwin/darwin_description' with build type 'ament_python'
[1.472s] Level 1:colcon.colcon_core.shell:create_environment_hook('darwin_description', 'ament_prefix_path')
[1.494s] INFO:colcon.colcon_core.plugin_system:Skipping extension 'colcon_core.shell.bat': Not used on non-Windows systems
[1.495s] INFO:colcon.colcon_core.shell:Creating environment hook '/home/melissa/Documentos/Servicio/Pumanoids/install/darwin_description/share/darwin_description/hook/ament_prefix_path.ps1'
[1.498s] INFO:colcon.colcon_core.shell:Creating environment descriptor '/home/melissa/Documentos/Servicio/Pumanoids/install/darwin_description/share/darwin_description/hook/ament_prefix_path.dsv'
[1.500s] INFO:colcon.colcon_core.shell:Creating environment hook '/home/melissa/Documentos/Servicio/Pumanoids/install/darwin_description/share/darwin_description/hook/ament_prefix_path.sh'
[1.502s] INFO:colcon.colcon_core.shell:Skip shell extension 'powershell' for command environment: Not usable outside of PowerShell
[1.502s] DEBUG:colcon.colcon_core.shell:Skip shell extension 'dsv' for command environment
[1.521s] INFO:colcon.colcon_cmake.task.cmake.build:Building CMake package in '/home/melissa/Documentos/Servicio/Pumanoids/setup/luckfox/demos'
[1.522s] INFO:colcon.colcon_core.shell:Skip shell extension 'powershell' for command environment: Not usable outside of PowerShell
[1.522s] DEBUG:colcon.colcon_core.shell:Skip shell extension 'dsv' for command environment
[1.545s] INFO:colcon.colcon_ros.task.ament_cmake.build:Building ROS package in '/home/melissa/Documentos/Servicio/Pumanoids/colcon_ws/src/hardware/dynamixel' with build type 'ament_cmake'
[1.546s] INFO:colcon.colcon_cmake.task.cmake.build:Building CMake package in '/home/melissa/Documentos/Servicio/Pumanoids/colcon_ws/src/hardware/dynamixel'
[1.547s] INFO:colcon.colcon_core.shell:Skip shell extension 'powershell' for command environment: Not usable outside of PowerShell
[1.547s] DEBUG:colcon.colcon_core.shell:Skip shell extension 'dsv' for command environment
[1.571s] INFO:colcon.colcon_ros.task.ament_cmake.build:Building ROS package in '/home/melissa/Documentos/Servicio/Pumanoids/colcon_ws/src/simulation/gazebo_envs' with build type 'ament_cmake'
[1.572s] INFO:colcon.colcon_cmake.task.cmake.build:Building CMake package in '/home/melissa/Documentos/Servicio/Pumanoids/colcon_ws/src/simulation/gazebo_envs'
[1.573s] INFO:colcon.colcon_core.shell:Skip shell extension 'powershell' for command environment: Not usable outside of PowerShell
[1.574s] DEBUG:colcon.colcon_core.shell:Skip shell extension 'dsv' for command environment
[2.603s] INFO:colcon.colcon_core.task.python.build:Building Python package in '/home/melissa/Documentos/Servicio/Pumanoids/colcon_ws/src/robots/darwin/darwin_description'
[2.603s] INFO:colcon.colcon_core.shell:Skip shell extension 'powershell' for command environment: Not usable outside of PowerShell
[2.603s] DEBUG:colcon.colcon_core.shell:Skip shell extension 'dsv' for command environment
[2.625s] DEBUG:colcon.colcon_core.event_handler.log_command:Invoking command in '/home/melissa/Documentos/Servicio/Pumanoids/build/demos': DEBUGINFOD_URLS=https://debuginfod.ubuntu.com /usr/bin/cmake /home/melissa/Documentos/Servicio/Pumanoids/setup/luckfox/demos -DCMAKE_INSTALL_PREFIX=/home/melissa/Documentos/Servicio/Pumanoids/install/demos
[2.646s] DEBUG:colcon.colcon_core.event_handler.log_command:Invoking command in '/home/melissa/Documentos/Servicio/Pumanoids/build/dynamixel': CMAKE_PREFIX_PATH=${CMAKE_PREFIX_PATH}:/opt/ros/jazzy DEBUGINFOD_URLS=https://debuginfod.ubuntu.com /usr/bin/cmake /home/melissa/Documentos/Servicio/Pumanoids/colcon_ws/src/hardware/dynamixel -DCMAKE_INSTALL_PREFIX=/home/melissa/Documentos/Servicio/Pumanoids/install/dynamixel
[2.665s] DEBUG:colcon.colcon_core.event_handler.log_command:Invoking command in '/home/melissa/Documentos/Servicio/Pumanoids/build/gazebo_envs': CMAKE_PREFIX_PATH=${CMAKE_PREFIX_PATH}:/opt/ros/jazzy DEBUGINFOD_URLS=https://debuginfod.ubuntu.com /usr/bin/cmake /home/melissa/Documentos/Servicio/Pumanoids/colcon_ws/src/simulation/gazebo_envs -DCMAKE_INSTALL_PREFIX=/home/melissa/Documentos/Servicio/Pumanoids/install/gazebo_envs
[2.749s] DEBUG:colcon.colcon_core.event_handler.log_command:Invoked command in '/home/melissa/Documentos/Servicio/Pumanoids/build/demos' returned '0': DEBUGINFOD_URLS=https://debuginfod.ubuntu.com /usr/bin/cmake /home/melissa/Documentos/Servicio/Pumanoids/setup/luckfox/demos -DCMAKE_INSTALL_PREFIX=/home/melissa/Documentos/Servicio/Pumanoids/install/demos
[2.750s] WARNING:colcon.colcon_cmake.task.cmake.build:Could not build CMake package 'demos' because the CMake cache has no 'CMAKE_PROJECT_NAME' variable
[2.753s] INFO:colcon.colcon_ros.task.ament_cmake.build:Building ROS package in '/home/melissa/Documentos/Servicio/Pumanoids/colcon_ws/src/simulation/mujoco' with build type 'ament_cmake'
[2.753s] INFO:colcon.colcon_cmake.task.cmake.build:Building CMake package in '/home/melissa/Documentos/Servicio/Pumanoids/colcon_ws/src/simulation/mujoco'
[2.754s] INFO:colcon.colcon_core.shell:Skip shell extension 'powershell' for command environment: Not usable outside of PowerShell
[2.754s] DEBUG:colcon.colcon_core.shell:Skip shell extension 'dsv' for command environment
[2.823s] DEBUG:colcon.colcon_core.event_handler.log_command:Invoking command in '/home/melissa/Documentos/Servicio/Pumanoids/build/mujoco': CMAKE_PREFIX_PATH=${CMAKE_PREFIX_PATH}:/opt/ros/jazzy DEBUGINFOD_URLS=https://debuginfod.ubuntu.com /usr/bin/cmake /home/melissa/Documentos/Servicio/Pumanoids/colcon_ws/src/simulation/mujoco -DCMAKE_INSTALL_PREFIX=/home/melissa/Documentos/Servicio/Pumanoids/install/mujoco
[11.045s] DEBUG:colcon.colcon_core.event_handler.log_command:Invoking command in '/home/melissa/Documentos/Servicio/Pumanoids/colcon_ws/src/robots/darwin/darwin_description': DEBUGINFOD_URLS=https://debuginfod.ubuntu.com PYTHONPATH=/home/melissa/Documentos/Servicio/Pumanoids/build/darwin_description/prefix_override:/usr/lib/python3/dist-packages/colcon_core/task/python/colcon_distutils_commands:/home/melissa/Documentos/Servicio/Pumanoids/install/darwin_description/lib/python3.12/site-packages:${PYTHONPATH} /usr/bin/python3 -W ignore:setup.py install is deprecated -W ignore:easy_install command is deprecated setup.py egg_info --egg-base ../../../../../build/darwin_description build --build-base /home/melissa/Documentos/Servicio/Pumanoids/build/darwin_description/build install --record /home/melissa/Documentos/Servicio/Pumanoids/build/darwin_description/install.log --single-version-externally-managed install_data
[11.129s] DEBUG:colcon.colcon_core.event_handler.log_command:Invoked command in '/home/melissa/Documentos/Servicio/Pumanoids/build/mujoco' returned '0': CMAKE_PREFIX_PATH=${CMAKE_PREFIX_PATH}:/opt/ros/jazzy DEBUGINFOD_URLS=https://debuginfod.ubuntu.com /usr/bin/cmake /home/melissa/Documentos/Servicio/Pumanoids/colcon_ws/src/simulation/mujoco -DCMAKE_INSTALL_PREFIX=/home/melissa/Documentos/Servicio/Pumanoids/install/mujoco
[11.143s] DEBUG:colcon.colcon_core.event_handler.log_command:Invoking command in '/home/melissa/Documentos/Servicio/Pumanoids/build/mujoco': CMAKE_PREFIX_PATH=${CMAKE_PREFIX_PATH}:/opt/ros/jazzy DEBUGINFOD_URLS=https://debuginfod.ubuntu.com /usr/bin/cmake --build /home/melissa/Documentos/Servicio/Pumanoids/build/mujoco -- -j4 -l4
[11.660s] DEBUG:colcon.colcon_core.event_handler.log_command:Invoked command in '/home/melissa/Documentos/Servicio/Pumanoids/build/mujoco' returned '0': CMAKE_PREFIX_PATH=${CMAKE_PREFIX_PATH}:/opt/ros/jazzy DEBUGINFOD_URLS=https://debuginfod.ubuntu.com /usr/bin/cmake --build /home/melissa/Documentos/Servicio/Pumanoids/build/mujoco -- -j4 -l4
[11.815s] DEBUG:colcon.colcon_core.event_handler.log_command:Invoking command in '/home/melissa/Documentos/Servicio/Pumanoids/build/mujoco': CMAKE_PREFIX_PATH=${CMAKE_PREFIX_PATH}:/opt/ros/jazzy DEBUGINFOD_URLS=https://debuginfod.ubuntu.com /usr/bin/cmake --install /home/melissa/Documentos/Servicio/Pumanoids/build/mujoco
[11.986s] Level 1:colcon.colcon_core.environment:create_environment_scripts_only(mujoco)
[11.990s] DEBUG:colcon.colcon_core.event_handler.log_command:Invoked command in '/home/melissa/Documentos/Servicio/Pumanoids/build/mujoco' returned '0': CMAKE_PREFIX_PATH=${CMAKE_PREFIX_PATH}:/opt/ros/jazzy DEBUGINFOD_URLS=https://debuginfod.ubuntu.com /usr/bin/cmake --install /home/melissa/Documentos/Servicio/Pumanoids/build/mujoco
[12.023s] Level 1:colcon.colcon_core.environment:checking '/home/melissa/Documentos/Servicio/Pumanoids/install/mujoco' for CMake module files
[12.035s] Level 1:colcon.colcon_core.environment:checking '/home/melissa/Documentos/Servicio/Pumanoids/install/mujoco' for CMake config files
[12.037s] Level 1:colcon.colcon_core.shell:create_environment_hook('mujoco', 'cmake_prefix_path')
[12.039s] INFO:colcon.colcon_core.shell:Creating environment hook '/home/melissa/Documentos/Servicio/Pumanoids/install/mujoco/share/mujoco/hook/cmake_prefix_path.ps1'
[12.043s] INFO:colcon.colcon_core.shell:Creating environment descriptor '/home/melissa/Documentos/Servicio/Pumanoids/install/mujoco/share/mujoco/hook/cmake_prefix_path.dsv'
[12.050s] INFO:colcon.colcon_core.shell:Creating environment hook '/home/melissa/Documentos/Servicio/Pumanoids/install/mujoco/share/mujoco/hook/cmake_prefix_path.sh'
[12.059s] Level 1:colcon.colcon_core.environment:checking '/home/melissa/Documentos/Servicio/Pumanoids/install/mujoco/bin'
[12.060s] Level 1:colcon.colcon_core.environment:checking '/home/melissa/Documentos/Servicio/Pumanoids/install/mujoco/lib/pkgconfig/mujoco.pc'
[12.064s] Level 1:colcon.colcon_core.environment:checking '/home/melissa/Documentos/Servicio/Pumanoids/install/mujoco/lib/python3.12/site-packages'
[12.067s] Level 1:colcon.colcon_core.environment:checking '/home/melissa/Documentos/Servicio/Pumanoids/install/mujoco/bin'
[12.071s] INFO:colcon.colcon_core.shell:Creating package script '/home/melissa/Documentos/Servicio/Pumanoids/install/mujoco/share/mujoco/package.ps1'
[12.081s] INFO:colcon.colcon_core.shell:Creating package descriptor '/home/melissa/Documentos/Servicio/Pumanoids/install/mujoco/share/mujoco/package.dsv'
[12.089s] INFO:colcon.colcon_core.shell:Creating package script '/home/melissa/Documentos/Servicio/Pumanoids/install/mujoco/share/mujoco/package.sh'
[12.096s] INFO:colcon.colcon_core.shell:Creating package script '/home/melissa/Documentos/Servicio/Pumanoids/install/mujoco/share/mujoco/package.bash'
[12.103s] INFO:colcon.colcon_core.shell:Creating package script '/home/melissa/Documentos/Servicio/Pumanoids/install/mujoco/share/mujoco/package.zsh'
[12.110s] Level 1:colcon.colcon_core.environment:create_file_with_runtime_dependencies(/home/melissa/Documentos/Servicio/Pumanoids/install/mujoco/share/colcon-core/packages/mujoco)
[12.115s] Level 1:colcon.colcon_core.environment:create_environment_scripts_only(mujoco)
[12.117s] Level 1:colcon.colcon_core.environment:checking '/home/melissa/Documentos/Servicio/Pumanoids/install/mujoco' for CMake module files
[12.124s] Level 1:colcon.colcon_core.environment:checking '/home/melissa/Documentos/Servicio/Pumanoids/install/mujoco' for CMake config files
[12.127s] Level 1:colcon.colcon_core.shell:create_environment_hook('mujoco', 'cmake_prefix_path')
[12.129s] INFO:colcon.colcon_core.shell:Creating environment hook '/home/melissa/Documentos/Servicio/Pumanoids/install/mujoco/share/mujoco/hook/cmake_prefix_path.ps1'
[12.137s] INFO:colcon.colcon_core.shell:Creating environment descriptor '/home/melissa/Documentos/Servicio/Pumanoids/install/mujoco/share/mujoco/hook/cmake_prefix_path.dsv'
[12.141s] INFO:colcon.colcon_core.shell:Creating environment hook '/home/melissa/Documentos/Servicio/Pumanoids/install/mujoco/share/mujoco/hook/cmake_prefix_path.sh'
[12.150s] Level 1:colcon.colcon_core.environment:checking '/home/melissa/Documentos/Servicio/Pumanoids/install/mujoco/bin'
[12.151s] Level 1:colcon.colcon_core.environment:checking '/home/melissa/Documentos/Servicio/Pumanoids/install/mujoco/lib/pkgconfig/mujoco.pc'
[12.154s] Level 1:colcon.colcon_core.environment:checking '/home/melissa/Documentos/Servicio/Pumanoids/install/mujoco/lib/python3.12/site-packages'
[12.157s] Level 1:colcon.colcon_core.environment:checking '/home/melissa/Documentos/Servicio/Pumanoids/install/mujoco/bin'
[12.159s] INFO:colcon.colcon_core.shell:Creating package script '/home/melissa/Documentos/Servicio/Pumanoids/install/mujoco/share/mujoco/package.ps1'
[12.164s] INFO:colcon.colcon_core.shell:Creating package descriptor '/home/melissa/Documentos/Servicio/Pumanoids/install/mujoco/share/mujoco/package.dsv'
[12.169s] INFO:colcon.colcon_core.shell:Creating package script '/home/melissa/Documentos/Servicio/Pumanoids/install/mujoco/share/mujoco/package.sh'
[12.173s] INFO:colcon.colcon_core.shell:Creating package script '/home/melissa/Documentos/Servicio/Pumanoids/install/mujoco/share/mujoco/package.bash'
[12.177s] INFO:colcon.colcon_core.shell:Creating package script '/home/melissa/Documentos/Servicio/Pumanoids/install/mujoco/share/mujoco/package.zsh'
[12.181s] Level 1:colcon.colcon_core.environment:create_file_with_runtime_dependencies(/home/melissa/Documentos/Servicio/Pumanoids/install/mujoco/share/colcon-core/packages/mujoco)
[12.183s] INFO:colcon.colcon_ros.task.ament_cmake.build:Building ROS package in '/home/melissa/Documentos/Servicio/Pumanoids/colcon_ws/src/surge_et_ambula' with build type 'ament_cmake'
[12.185s] INFO:colcon.colcon_cmake.task.cmake.build:Building CMake package in '/home/melissa/Documentos/Servicio/Pumanoids/colcon_ws/src/surge_et_ambula'
[12.187s] INFO:colcon.colcon_core.shell:Skip shell extension 'powershell' for command environment: Not usable outside of PowerShell
[12.190s] DEBUG:colcon.colcon_core.shell:Skip shell extension 'dsv' for command environment
[12.292s] DEBUG:colcon.colcon_core.event_handler.log_command:Invoking command in '/home/melissa/Documentos/Servicio/Pumanoids/build/surge_et_ambula': CMAKE_PREFIX_PATH=${CMAKE_PREFIX_PATH}:/opt/ros/jazzy DEBUGINFOD_URLS=https://debuginfod.ubuntu.com /usr/bin/cmake /home/melissa/Documentos/Servicio/Pumanoids/colcon_ws/src/surge_et_ambula -DCMAKE_INSTALL_PREFIX=/home/melissa/Documentos/Servicio/Pumanoids/install/surge_et_ambula
[17.910s] Level 1:colcon.colcon_core.environment:checking '/home/melissa/Documentos/Servicio/Pumanoids/install/darwin_description' for CMake module files
[17.913s] DEBUG:colcon.colcon_core.event_handler.log_command:Invoked command in '/home/melissa/Documentos/Servicio/Pumanoids/colcon_ws/src/robots/darwin/darwin_description' returned '0': DEBUGINFOD_URLS=https://debuginfod.ubuntu.com PYTHONPATH=/home/melissa/Documentos/Servicio/Pumanoids/build/darwin_description/prefix_override:/usr/lib/python3/dist-packages/colcon_core/task/python/colcon_distutils_commands:/home/melissa/Documentos/Servicio/Pumanoids/install/darwin_description/lib/python3.12/site-packages:${PYTHONPATH} /usr/bin/python3 -W ignore:setup.py install is deprecated -W ignore:easy_install command is deprecated setup.py egg_info --egg-base ../../../../../build/darwin_description build --build-base /home/melissa/Documentos/Servicio/Pumanoids/build/darwin_description/build install --record /home/melissa/Documentos/Servicio/Pumanoids/build/darwin_description/install.log --single-version-externally-managed install_data
[17.918s] Level 1:colcon.colcon_core.environment:checking '/home/melissa/Documentos/Servicio/Pumanoids/install/darwin_description' for CMake config files
[17.922s] Level 1:colcon.colcon_core.environment:checking '/home/melissa/Documentos/Servicio/Pumanoids/install/darwin_description/lib'
[17.924s] Level 1:colcon.colcon_core.environment:checking '/home/melissa/Documentos/Servicio/Pumanoids/install/darwin_description/bin'
[17.924s] Level 1:colcon.colcon_core.environment:checking '/home/melissa/Documentos/Servicio/Pumanoids/install/darwin_description/lib/pkgconfig/darwin_description.pc'
[17.927s] Level 1:colcon.colcon_core.environment:checking '/home/melissa/Documentos/Servicio/Pumanoids/install/darwin_description/lib/python3.12/site-packages'
[17.928s] Level 1:colcon.colcon_core.shell:create_environment_hook('darwin_description', 'pythonpath')
[17.929s] INFO:colcon.colcon_core.shell:Creating environment hook '/home/melissa/Documentos/Servicio/Pumanoids/install/darwin_description/share/darwin_description/hook/pythonpath.ps1'
[17.935s] INFO:colcon.colcon_core.shell:Creating environment descriptor '/home/melissa/Documentos/Servicio/Pumanoids/install/darwin_description/share/darwin_description/hook/pythonpath.dsv'
[17.938s] INFO:colcon.colcon_core.shell:Creating environment hook '/home/melissa/Documentos/Servicio/Pumanoids/install/darwin_description/share/darwin_description/hook/pythonpath.sh'
[17.945s] Level 1:colcon.colcon_core.environment:checking '/home/melissa/Documentos/Servicio/Pumanoids/install/darwin_description/bin'
[17.946s] Level 1:colcon.colcon_core.environment:create_environment_scripts_only(darwin_description)
[17.948s] INFO:colcon.colcon_core.shell:Creating package script '/home/melissa/Documentos/Servicio/Pumanoids/install/darwin_description/share/darwin_description/package.ps1'
[17.952s] INFO:colcon.colcon_core.shell:Creating package descriptor '/home/melissa/Documentos/Servicio/Pumanoids/install/darwin_description/share/darwin_description/package.dsv'
[17.956s] INFO:colcon.colcon_core.shell:Creating package script '/home/melissa/Documentos/Servicio/Pumanoids/install/darwin_description/share/darwin_description/package.sh'
[17.959s] INFO:colcon.colcon_core.shell:Creating package script '/home/melissa/Documentos/Servicio/Pumanoids/install/darwin_description/share/darwin_description/package.bash'
[17.961s] INFO:colcon.colcon_core.shell:Creating package script '/home/melissa/Documentos/Servicio/Pumanoids/install/darwin_description/share/darwin_description/package.zsh'
[17.963s] Level 1:colcon.colcon_core.environment:create_file_with_runtime_dependencies(/home/melissa/Documentos/Servicio/Pumanoids/install/darwin_description/share/colcon-core/packages/darwin_description)
[18.732s] DEBUG:colcon.colcon_core.event_handler.log_command:Invoked command in '/home/melissa/Documentos/Servicio/Pumanoids/build/dynamixel' returned '0': CMAKE_PREFIX_PATH=${CMAKE_PREFIX_PATH}:/opt/ros/jazzy DEBUGINFOD_URLS=https://debuginfod.ubuntu.com /usr/bin/cmake /home/melissa/Documentos/Servicio/Pumanoids/colcon_ws/src/hardware/dynamixel -DCMAKE_INSTALL_PREFIX=/home/melissa/Documentos/Servicio/Pumanoids/install/dynamixel
[18.741s] DEBUG:colcon.colcon_core.event_handler.log_command:Invoking command in '/home/melissa/Documentos/Servicio/Pumanoids/build/dynamixel': CMAKE_PREFIX_PATH=${CMAKE_PREFIX_PATH}:/opt/ros/jazzy DEBUGINFOD_URLS=https://debuginfod.ubuntu.com /usr/bin/cmake --build /home/melissa/Documentos/Servicio/Pumanoids/build/dynamixel -- -j4 -l4
[19.243s] DEBUG:colcon.colcon_core.event_handler.log_command:Invoked command in '/home/melissa/Documentos/Servicio/Pumanoids/build/surge_et_ambula' returned '0': CMAKE_PREFIX_PATH=${CMAKE_PREFIX_PATH}:/opt/ros/jazzy DEBUGINFOD_URLS=https://debuginfod.ubuntu.com /usr/bin/cmake /home/melissa/Documentos/Servicio/Pumanoids/colcon_ws/src/surge_et_ambula -DCMAKE_INSTALL_PREFIX=/home/melissa/Documentos/Servicio/Pumanoids/install/surge_et_ambula
[19.250s] DEBUG:colcon.colcon_core.event_handler.log_command:Invoking command in '/home/melissa/Documentos/Servicio/Pumanoids/build/surge_et_ambula': CMAKE_PREFIX_PATH=${CMAKE_PREFIX_PATH}:/opt/ros/jazzy DEBUGINFOD_URLS=https://debuginfod.ubuntu.com /usr/bin/cmake --build /home/melissa/Documentos/Servicio/Pumanoids/build/surge_et_ambula -- -j4 -l4
[19.561s] DEBUG:colcon.colcon_core.event_handler.log_command:Invoked command in '/home/melissa/Documentos/Servicio/Pumanoids/build/surge_et_ambula' returned '0': CMAKE_PREFIX_PATH=${CMAKE_PREFIX_PATH}:/opt/ros/jazzy DEBUGINFOD_URLS=https://debuginfod.ubuntu.com /usr/bin/cmake --build /home/melissa/Documentos/Servicio/Pumanoids/build/surge_et_ambula -- -j4 -l4
[19.577s] DEBUG:colcon.colcon_core.event_handler.log_command:Invoking command in '/home/melissa/Documentos/Servicio/Pumanoids/build/surge_et_ambula': CMAKE_PREFIX_PATH=${CMAKE_PREFIX_PATH}:/opt/ros/jazzy DEBUGINFOD_URLS=https://debuginfod.ubuntu.com /usr/bin/cmake --install /home/melissa/Documentos/Servicio/Pumanoids/build/surge_et_ambula
[19.685s] Level 1:colcon.colcon_core.environment:create_environment_scripts_only(surge_et_ambula)
[19.687s] Level 1:colcon.colcon_core.environment:checking '/home/melissa/Documentos/Servicio/Pumanoids/install/surge_et_ambula' for CMake module files
[19.686s] DEBUG:colcon.colcon_core.event_handler.log_command:Invoked command in '/home/melissa/Documentos/Servicio/Pumanoids/build/surge_et_ambula' returned '0': CMAKE_PREFIX_PATH=${CMAKE_PREFIX_PATH}:/opt/ros/jazzy DEBUGINFOD_URLS=https://debuginfod.ubuntu.com /usr/bin/cmake --install /home/melissa/Documentos/Servicio/Pumanoids/build/surge_et_ambula
[19.691s] Level 1:colcon.colcon_core.environment:checking '/home/melissa/Documentos/Servicio/Pumanoids/install/surge_et_ambula' for CMake config files
[19.692s] Level 1:colcon.colcon_core.shell:create_environment_hook('surge_et_ambula', 'cmake_prefix_path')
[19.693s] INFO:colcon.colcon_core.shell:Creating environment hook '/home/melissa/Documentos/Servicio/Pumanoids/install/surge_et_ambula/share/surge_et_ambula/hook/cmake_prefix_path.ps1'
[19.696s] INFO:colcon.colcon_core.shell:Creating environment descriptor '/home/melissa/Documentos/Servicio/Pumanoids/install/surge_et_ambula/share/surge_et_ambula/hook/cmake_prefix_path.dsv'
[19.697s] INFO:colcon.colcon_core.shell:Creating environment hook '/home/melissa/Documentos/Servicio/Pumanoids/install/surge_et_ambula/share/surge_et_ambula/hook/cmake_prefix_path.sh'
[19.700s] Level 1:colcon.colcon_core.environment:checking '/home/melissa/Documentos/Servicio/Pumanoids/install/surge_et_ambula/bin'
[19.701s] Level 1:colcon.colcon_core.environment:checking '/home/melissa/Documentos/Servicio/Pumanoids/install/surge_et_ambula/lib/pkgconfig/surge_et_ambula.pc'
[19.702s] Level 1:colcon.colcon_core.environment:checking '/home/melissa/Documentos/Servicio/Pumanoids/install/surge_et_ambula/lib/python3.12/site-packages'
[19.704s] Level 1:colcon.colcon_core.environment:checking '/home/melissa/Documentos/Servicio/Pumanoids/install/surge_et_ambula/bin'
[19.705s] INFO:colcon.colcon_core.shell:Creating package script '/home/melissa/Documentos/Servicio/Pumanoids/install/surge_et_ambula/share/surge_et_ambula/package.ps1'
[19.708s] INFO:colcon.colcon_core.shell:Creating package descriptor '/home/melissa/Documentos/Servicio/Pumanoids/install/surge_et_ambula/share/surge_et_ambula/package.dsv'
[19.710s] INFO:colcon.colcon_core.shell:Creating package script '/home/melissa/Documentos/Servicio/Pumanoids/install/surge_et_ambula/share/surge_et_ambula/package.sh'
[19.712s] INFO:colcon.colcon_core.shell:Creating package script '/home/melissa/Documentos/Servicio/Pumanoids/install/surge_et_ambula/share/surge_et_ambula/package.bash'
[19.714s] INFO:colcon.colcon_core.shell:Creating package script '/home/melissa/Documentos/Servicio/Pumanoids/install/surge_et_ambula/share/surge_et_ambula/package.zsh'
[19.716s] Level 1:colcon.colcon_core.environment:create_file_with_runtime_dependencies(/home/melissa/Documentos/Servicio/Pumanoids/install/surge_et_ambula/share/colcon-core/packages/surge_et_ambula)
[19.719s] Level 1:colcon.colcon_core.environment:create_environment_scripts_only(surge_et_ambula)
[19.720s] Level 1:colcon.colcon_core.environment:checking '/home/melissa/Documentos/Servicio/Pumanoids/install/surge_et_ambula' for CMake module files
[19.723s] Level 1:colcon.colcon_core.environment:checking '/home/melissa/Documentos/Servicio/Pumanoids/install/surge_et_ambula' for CMake config files
[19.724s] Level 1:colcon.colcon_core.shell:create_environment_hook('surge_et_ambula', 'cmake_prefix_path')
[19.725s] INFO:colcon.colcon_core.shell:Creating environment hook '/home/melissa/Documentos/Servicio/Pumanoids/install/surge_et_ambula/share/surge_et_ambula/hook/cmake_prefix_path.ps1'
[19.727s] INFO:colcon.colcon_core.shell:Creating environment descriptor '/home/melissa/Documentos/Servicio/Pumanoids/install/surge_et_ambula/share/surge_et_ambula/hook/cmake_prefix_path.dsv'
[19.729s] INFO:colcon.colcon_core.shell:Creating environment hook '/home/melissa/Documentos/Servicio/Pumanoids/install/surge_et_ambula/share/surge_et_ambula/hook/cmake_prefix_path.sh'
[19.733s] Level 1:colcon.colcon_core.environment:checking '/home/melissa/Documentos/Servicio/Pumanoids/install/surge_et_ambula/bin'
[19.733s] Level 1:colcon.colcon_core.environment:checking '/home/melissa/Documentos/Servicio/Pumanoids/install/surge_et_ambula/lib/pkgconfig/surge_et_ambula.pc'
[19.735s] Level 1:colcon.colcon_core.environment:checking '/home/melissa/Documentos/Servicio/Pumanoids/install/surge_et_ambula/lib/python3.12/site-packages'
[19.736s] Level 1:colcon.colcon_core.environment:checking '/home/melissa/Documentos/Servicio/Pumanoids/install/surge_et_ambula/bin'
[19.738s] INFO:colcon.colcon_core.shell:Creating package script '/home/melissa/Documentos/Servicio/Pumanoids/install/surge_et_ambula/share/surge_et_ambula/package.ps1'
[19.740s] INFO:colcon.colcon_core.shell:Creating package descriptor '/home/melissa/Documentos/Servicio/Pumanoids/install/surge_et_ambula/share/surge_et_ambula/package.dsv'
[19.744s] INFO:colcon.colcon_core.shell:Creating package script '/home/melissa/Documentos/Servicio/Pumanoids/install/surge_et_ambula/share/surge_et_ambula/package.sh'
[19.746s] INFO:colcon.colcon_core.shell:Creating package script '/home/melissa/Documentos/Servicio/Pumanoids/install/surge_et_ambula/share/surge_et_ambula/package.bash'
[19.749s] INFO:colcon.colcon_core.shell:Creating package script '/home/melissa/Documentos/Servicio/Pumanoids/install/surge_et_ambula/share/surge_et_ambula/package.zsh'
[19.751s] Level 1:colcon.colcon_core.environment:create_file_with_runtime_dependencies(/home/melissa/Documentos/Servicio/Pumanoids/install/surge_et_ambula/share/colcon-core/packages/surge_et_ambula)
[26.785s] DEBUG:colcon.colcon_core.event_handler.log_command:Invoked command in '/home/melissa/Documentos/Servicio/Pumanoids/build/gazebo_envs' returned '0': CMAKE_PREFIX_PATH=${CMAKE_PREFIX_PATH}:/opt/ros/jazzy DEBUGINFOD_URLS=https://debuginfod.ubuntu.com /usr/bin/cmake /home/melissa/Documentos/Servicio/Pumanoids/colcon_ws/src/simulation/gazebo_envs -DCMAKE_INSTALL_PREFIX=/home/melissa/Documentos/Servicio/Pumanoids/install/gazebo_envs
[26.794s] DEBUG:colcon.colcon_core.event_handler.log_command:Invoking command in '/home/melissa/Documentos/Servicio/Pumanoids/build/gazebo_envs': CMAKE_PREFIX_PATH=${CMAKE_PREFIX_PATH}:/opt/ros/jazzy DEBUGINFOD_URLS=https://debuginfod.ubuntu.com /usr/bin/cmake --build /home/melissa/Documentos/Servicio/Pumanoids/build/gazebo_envs -- -j4 -l4
[27.203s] DEBUG:colcon.colcon_core.event_handler.log_command:Invoked command in '/home/melissa/Documentos/Servicio/Pumanoids/build/gazebo_envs' returned '0': CMAKE_PREFIX_PATH=${CMAKE_PREFIX_PATH}:/opt/ros/jazzy DEBUGINFOD_URLS=https://debuginfod.ubuntu.com /usr/bin/cmake --build /home/melissa/Documentos/Servicio/Pumanoids/build/gazebo_envs -- -j4 -l4
[27.221s] DEBUG:colcon.colcon_core.event_handler.log_command:Invoking command in '/home/melissa/Documentos/Servicio/Pumanoids/build/gazebo_envs': CMAKE_PREFIX_PATH=${CMAKE_PREFIX_PATH}:/opt/ros/jazzy DEBUGINFOD_URLS=https://debuginfod.ubuntu.com /usr/bin/cmake --install /home/melissa/Documentos/Servicio/Pumanoids/build/gazebo_envs
[27.421s] Level 1:colcon.colcon_core.environment:create_environment_scripts_only(gazebo_envs)
[27.427s] Level 1:colcon.colcon_core.environment:checking '/home/melissa/Documentos/Servicio/Pumanoids/install/gazebo_envs' for CMake module files
[27.433s] Level 1:colcon.colcon_core.environment:checking '/home/melissa/Documentos/Servicio/Pumanoids/install/gazebo_envs' for CMake config files
[27.434s] Level 1:colcon.colcon_core.shell:create_environment_hook('gazebo_envs', 'cmake_prefix_path')
[27.436s] INFO:colcon.colcon_core.shell:Creating environment hook '/home/melissa/Documentos/Servicio/Pumanoids/install/gazebo_envs/share/gazebo_envs/hook/cmake_prefix_path.ps1'
[27.441s] INFO:colcon.colcon_core.shell:Creating environment descriptor '/home/melissa/Documentos/Servicio/Pumanoids/install/gazebo_envs/share/gazebo_envs/hook/cmake_prefix_path.dsv'
[27.444s] DEBUG:colcon.colcon_core.event_handler.log_command:Invoked command in '/home/melissa/Documentos/Servicio/Pumanoids/build/gazebo_envs' returned '0': CMAKE_PREFIX_PATH=${CMAKE_PREFIX_PATH}:/opt/ros/jazzy DEBUGINFOD_URLS=https://debuginfod.ubuntu.com /usr/bin/cmake --install /home/melissa/Documentos/Servicio/Pumanoids/build/gazebo_envs
[27.446s] INFO:colcon.colcon_core.shell:Creating environment hook '/home/melissa/Documentos/Servicio/Pumanoids/install/gazebo_envs/share/gazebo_envs/hook/cmake_prefix_path.sh'
[27.451s] Level 1:colcon.colcon_core.environment:checking '/home/melissa/Documentos/Servicio/Pumanoids/install/gazebo_envs/bin'
[27.451s] Level 1:colcon.colcon_core.environment:checking '/home/melissa/Documentos/Servicio/Pumanoids/install/gazebo_envs/lib/pkgconfig/gazebo_envs.pc'
[27.453s] Level 1:colcon.colcon_core.environment:checking '/home/melissa/Documentos/Servicio/Pumanoids/install/gazebo_envs/lib/python3.12/site-packages'
[27.455s] Level 1:colcon.colcon_core.environment:checking '/home/melissa/Documentos/Servicio/Pumanoids/install/gazebo_envs/bin'
[27.456s] INFO:colcon.colcon_core.shell:Creating package script '/home/melissa/Documentos/Servicio/Pumanoids/install/gazebo_envs/share/gazebo_envs/package.ps1'
[27.459s] INFO:colcon.colcon_core.shell:Creating package descriptor '/home/melissa/Documentos/Servicio/Pumanoids/install/gazebo_envs/share/gazebo_envs/package.dsv'
[27.462s] INFO:colcon.colcon_core.shell:Creating package script '/home/melissa/Documentos/Servicio/Pumanoids/install/gazebo_envs/share/gazebo_envs/package.sh'
[27.464s] INFO:colcon.colcon_core.shell:Creating package script '/home/melissa/Documentos/Servicio/Pumanoids/install/gazebo_envs/share/gazebo_envs/package.bash'
[27.468s] INFO:colcon.colcon_core.shell:Creating package script '/home/melissa/Documentos/Servicio/Pumanoids/install/gazebo_envs/share/gazebo_envs/package.zsh'
[27.470s] Level 1:colcon.colcon_core.environment:create_file_with_runtime_dependencies(/home/melissa/Documentos/Servicio/Pumanoids/install/gazebo_envs/share/colcon-core/packages/gazebo_envs)
[27.474s] Level 1:colcon.colcon_core.environment:create_environment_scripts_only(gazebo_envs)
[27.475s] Level 1:colcon.colcon_core.environment:checking '/home/melissa/Documentos/Servicio/Pumanoids/install/gazebo_envs' for CMake module files
[27.480s] Level 1:colcon.colcon_core.environment:checking '/home/melissa/Documentos/Servicio/Pumanoids/install/gazebo_envs' for CMake config files
[27.482s] Level 1:colcon.colcon_core.shell:create_environment_hook('gazebo_envs', 'cmake_prefix_path')
[27.483s] INFO:colcon.colcon_core.shell:Creating environment hook '/home/melissa/Documentos/Servicio/Pumanoids/install/gazebo_envs/share/gazebo_envs/hook/cmake_prefix_path.ps1'
[27.492s] INFO:colcon.colcon_core.shell:Creating environment descriptor '/home/melissa/Documentos/Servicio/Pumanoids/install/gazebo_envs/share/gazebo_envs/hook/cmake_prefix_path.dsv'
[27.494s] INFO:colcon.colcon_core.shell:Creating environment hook '/home/melissa/Documentos/Servicio/Pumanoids/install/gazebo_envs/share/gazebo_envs/hook/cmake_prefix_path.sh'
[27.499s] Level 1:colcon.colcon_core.environment:checking '/home/melissa/Documentos/Servicio/Pumanoids/install/gazebo_envs/bin'
[27.499s] Level 1:colcon.colcon_core.environment:checking '/home/melissa/Documentos/Servicio/Pumanoids/install/gazebo_envs/lib/pkgconfig/gazebo_envs.pc'
[27.501s] Level 1:colcon.colcon_core.environment:checking '/home/melissa/Documentos/Servicio/Pumanoids/install/gazebo_envs/lib/python3.12/site-packages'
[27.503s] Level 1:colcon.colcon_core.environment:checking '/home/melissa/Documentos/Servicio/Pumanoids/install/gazebo_envs/bin'
[27.504s] INFO:colcon.colcon_core.shell:Creating package script '/home/melissa/Documentos/Servicio/Pumanoids/install/gazebo_envs/share/gazebo_envs/package.ps1'
[27.507s] INFO:colcon.colcon_core.shell:Creating package descriptor '/home/melissa/Documentos/Servicio/Pumanoids/install/gazebo_envs/share/gazebo_envs/package.dsv'
[27.511s] INFO:colcon.colcon_core.shell:Creating package script '/home/melissa/Documentos/Servicio/Pumanoids/install/gazebo_envs/share/gazebo_envs/package.sh'
[27.514s] INFO:colcon.colcon_core.shell:Creating package script '/home/melissa/Documentos/Servicio/Pumanoids/install/gazebo_envs/share/gazebo_envs/package.bash'
[27.517s] INFO:colcon.colcon_core.shell:Creating package script '/home/melissa/Documentos/Servicio/Pumanoids/install/gazebo_envs/share/gazebo_envs/package.zsh'
[27.520s] Level 1:colcon.colcon_core.environment:create_file_with_runtime_dependencies(/home/melissa/Documentos/Servicio/Pumanoids/install/gazebo_envs/share/colcon-core/packages/gazebo_envs)
[81.178s] DEBUG:colcon.colcon_core.event_handler.log_command:Invoked command in '/home/melissa/Documentos/Servicio/Pumanoids/build/dynamixel' returned '0': CMAKE_PREFIX_PATH=${CMAKE_PREFIX_PATH}:/opt/ros/jazzy DEBUGINFOD_URLS=https://debuginfod.ubuntu.com /usr/bin/cmake --build /home/melissa/Documentos/Servicio/Pumanoids/build/dynamixel -- -j4 -l4
[81.193s] DEBUG:colcon.colcon_core.event_handler.log_command:Invoking command in '/home/melissa/Documentos/Servicio/Pumanoids/build/dynamixel': CMAKE_PREFIX_PATH=${CMAKE_PREFIX_PATH}:/opt/ros/jazzy DEBUGINFOD_URLS=https://debuginfod.ubuntu.com /usr/bin/cmake --install /home/melissa/Documentos/Servicio/Pumanoids/build/dynamixel
[81.345s] Level 1:colcon.colcon_core.environment:create_environment_scripts_only(dynamixel)
[81.347s] Level 1:colcon.colcon_core.environment:checking '/home/melissa/Documentos/Servicio/Pumanoids/install/dynamixel' for CMake module files
[81.357s] Level 1:colcon.colcon_core.environment:checking '/home/melissa/Documentos/Servicio/Pumanoids/install/dynamixel' for CMake config files
[81.361s] DEBUG:colcon.colcon_core.event_handler.log_command:Invoked command in '/home/melissa/Documentos/Servicio/Pumanoids/build/dynamixel' returned '0': CMAKE_PREFIX_PATH=${CMAKE_PREFIX_PATH}:/opt/ros/jazzy DEBUGINFOD_URLS=https://debuginfod.ubuntu.com /usr/bin/cmake --install /home/melissa/Documentos/Servicio/Pumanoids/build/dynamixel
[81.363s] Level 1:colcon.colcon_core.shell:create_environment_hook('dynamixel', 'cmake_prefix_path')
[81.365s] INFO:colcon.colcon_core.shell:Creating environment hook '/home/melissa/Documentos/Servicio/Pumanoids/install/dynamixel/share/dynamixel/hook/cmake_prefix_path.ps1'
[81.372s] INFO:colcon.colcon_core.shell:Creating environment descriptor '/home/melissa/Documentos/Servicio/Pumanoids/install/dynamixel/share/dynamixel/hook/cmake_prefix_path.dsv'
[81.375s] INFO:colcon.colcon_core.shell:Creating environment hook '/home/melissa/Documentos/Servicio/Pumanoids/install/dynamixel/share/dynamixel/hook/cmake_prefix_path.sh'
[81.379s] Level 1:colcon.colcon_core.environment:checking '/home/melissa/Documentos/Servicio/Pumanoids/install/dynamixel/lib'
[81.379s] Level 1:colcon.colcon_core.environment:checking '/home/melissa/Documentos/Servicio/Pumanoids/install/dynamixel/bin'
[81.380s] Level 1:colcon.colcon_core.environment:checking '/home/melissa/Documentos/Servicio/Pumanoids/install/dynamixel/lib/pkgconfig/dynamixel.pc'
[81.384s] Level 1:colcon.colcon_core.environment:checking '/home/melissa/Documentos/Servicio/Pumanoids/install/dynamixel/lib/python3.12/site-packages'
[81.386s] Level 1:colcon.colcon_core.environment:checking '/home/melissa/Documentos/Servicio/Pumanoids/install/dynamixel/bin'
[81.388s] INFO:colcon.colcon_core.shell:Creating package script '/home/melissa/Documentos/Servicio/Pumanoids/install/dynamixel/share/dynamixel/package.ps1'
[81.391s] INFO:colcon.colcon_core.shell:Creating package descriptor '/home/melissa/Documentos/Servicio/Pumanoids/install/dynamixel/share/dynamixel/package.dsv'
[81.394s] INFO:colcon.colcon_core.shell:Creating package script '/home/melissa/Documentos/Servicio/Pumanoids/install/dynamixel/share/dynamixel/package.sh'
[81.397s] INFO:colcon.colcon_core.shell:Creating package script '/home/melissa/Documentos/Servicio/Pumanoids/install/dynamixel/share/dynamixel/package.bash'
[81.401s] INFO:colcon.colcon_core.shell:Creating package script '/home/melissa/Documentos/Servicio/Pumanoids/install/dynamixel/share/dynamixel/package.zsh'
[81.403s] Level 1:colcon.colcon_core.environment:create_file_with_runtime_dependencies(/home/melissa/Documentos/Servicio/Pumanoids/install/dynamixel/share/colcon-core/packages/dynamixel)
[81.407s] Level 1:colcon.colcon_core.environment:create_environment_scripts_only(dynamixel)
[81.408s] Level 1:colcon.colcon_core.environment:checking '/home/melissa/Documentos/Servicio/Pumanoids/install/dynamixel' for CMake module files
[81.414s] Level 1:colcon.colcon_core.environment:checking '/home/melissa/Documentos/Servicio/Pumanoids/install/dynamixel' for CMake config files
[81.416s] Level 1:colcon.colcon_core.shell:create_environment_hook('dynamixel', 'cmake_prefix_path')
[81.418s] INFO:colcon.colcon_core.shell:Creating environment hook '/home/melissa/Documentos/Servicio/Pumanoids/install/dynamixel/share/dynamixel/hook/cmake_prefix_path.ps1'
[81.421s] INFO:colcon.colcon_core.shell:Creating environment descriptor '/home/melissa/Documentos/Servicio/Pumanoids/install/dynamixel/share/dynamixel/hook/cmake_prefix_path.dsv'
[81.427s] INFO:colcon.colcon_core.shell:Creating environment hook '/home/melissa/Documentos/Servicio/Pumanoids/install/dynamixel/share/dynamixel/hook/cmake_prefix_path.sh'
[81.432s] Level 1:colcon.colcon_core.environment:checking '/home/melissa/Documentos/Servicio/Pumanoids/install/dynamixel/lib'
[81.433s] Level 1:colcon.colcon_core.environment:checking '/home/melissa/Documentos/Servicio/Pumanoids/install/dynamixel/bin'
[81.434s] Level 1:colcon.colcon_core.environment:checking '/home/melissa/Documentos/Servicio/Pumanoids/install/dynamixel/lib/pkgconfig/dynamixel.pc'
[81.436s] Level 1:colcon.colcon_core.environment:checking '/home/melissa/Documentos/Servicio/Pumanoids/install/dynamixel/lib/python3.12/site-packages'
[81.439s] Level 1:colcon.colcon_core.environment:checking '/home/melissa/Documentos/Servicio/Pumanoids/install/dynamixel/bin'
[81.443s] INFO:colcon.colcon_core.shell:Creating package script '/home/melissa/Documentos/Servicio/Pumanoids/install/dynamixel/share/dynamixel/package.ps1'
[81.448s] INFO:colcon.colcon_core.shell:Creating package descriptor '/home/melissa/Documentos/Servicio/Pumanoids/install/dynamixel/share/dynamixel/package.dsv'
[81.452s] INFO:colcon.colcon_core.shell:Creating package script '/home/melissa/Documentos/Servicio/Pumanoids/install/dynamixel/share/dynamixel/package.sh'
[81.457s] INFO:colcon.colcon_core.shell:Creating package script '/home/melissa/Documentos/Servicio/Pumanoids/install/dynamixel/share/dynamixel/package.bash'
[81.461s] INFO:colcon.colcon_core.shell:Creating package script '/home/melissa/Documentos/Servicio/Pumanoids/install/dynamixel/share/dynamixel/package.zsh'
[81.464s] Level 1:colcon.colcon_core.environment:create_file_with_runtime_dependencies(/home/melissa/Documentos/Servicio/Pumanoids/install/dynamixel/share/colcon-core/packages/dynamixel)
[81.467s] DEBUG:colcon.colcon_parallel_executor.executor.parallel:closing loop
[81.469s] DEBUG:colcon.colcon_parallel_executor.executor.parallel:loop closed
[81.469s] DEBUG:colcon.colcon_parallel_executor.executor.parallel:run_until_complete finished with '0'
[81.470s] DEBUG:colcon.colcon_core.event_reactor:joining thread
[81.543s] INFO:colcon.colcon_core.plugin_system:Skipping extension 'colcon_notification.desktop_notification.terminal_notifier': Not used on non-Darwin systems
[81.544s] INFO:colcon.colcon_core.plugin_system:Skipping extension 'colcon_notification.desktop_notification.win32': Not used on non-Windows systems
[81.544s] INFO:colcon.colcon_notification.desktop_notification:Sending desktop notification using 'notify2'
[81.658s] DEBUG:colcon.colcon_core.event_reactor:joined thread
[81.663s] INFO:colcon.colcon_core.shell:Creating prefix script '/home/melissa/Documentos/Servicio/Pumanoids/install/local_setup.ps1'
[81.683s] INFO:colcon.colcon_core.shell:Creating prefix util module '/home/melissa/Documentos/Servicio/Pumanoids/install/_local_setup_util_ps1.py'
[81.701s] INFO:colcon.colcon_core.shell:Creating prefix chain script '/home/melissa/Documentos/Servicio/Pumanoids/install/setup.ps1'
[81.715s] INFO:colcon.colcon_core.shell:Creating prefix script '/home/melissa/Documentos/Servicio/Pumanoids/install/local_setup.sh'
[81.723s] INFO:colcon.colcon_core.shell:Creating prefix util module '/home/melissa/Documentos/Servicio/Pumanoids/install/_local_setup_util_sh.py'
[81.730s] INFO:colcon.colcon_core.shell:Creating prefix chain script '/home/melissa/Documentos/Servicio/Pumanoids/install/setup.sh'
[81.740s] INFO:colcon.colcon_core.shell:Creating prefix script '/home/melissa/Documentos/Servicio/Pumanoids/install/local_setup.bash'
[81.748s] INFO:colcon.colcon_core.shell:Creating prefix chain script '/home/melissa/Documentos/Servicio/Pumanoids/install/setup.bash'
[81.768s] INFO:colcon.colcon_core.shell:Creating prefix script '/home/melissa/Documentos/Servicio/Pumanoids/install/local_setup.zsh'
[81.775s] INFO:colcon.colcon_core.shell:Creating prefix chain script '/home/melissa/Documentos/Servicio/Pumanoids/install/setup.zsh'
